"SECONDS";"PID";"VALUE";"UNITS";
"23507.9786353";"Presión absoluta en el colector de admisión";"2.1755660701050004";"psi";
"23507.9786353";"Sobrealimentación calculada";"-12.520382733473268";"psi";
"23508.3861689";"Consumo instantáneo de combustible (l/h)";"0.5837293821638245";"L/h";
"23508.3861689";"Potencia instantánea del motor (basada en el consumo de combustible)";"2.2836648642315507";"hp";
"23508.3861689";"Power from MAF";"2.088";"hp";
"23508.3861689";"Velocidad del flujo del aire MAF";"1.74";"g/sec";
"23508.5608467";"Presión absoluta en el colector de admisión";"2.320603808112";"psi";
"23508.5608467";"Sobrealimentación calculada";"-12.375344995466047";"psi";
"23508.7433908";"Presión barométrica absoluta";"13.633547372658";"psi";
"23509.0340027";"Combustible usado";"0.00010372626279004755";"L";
"23509.0340027";"Combustible usado (Hoy)";"0.000104";"L";
"23509.0340027";"Combustible usado (Semana)";"0.864322";"L";
"23509.0340027";"Combustible usado (total)";"2.6490889999999996";"L";
"23509.0340027";"Consumo instantáneo de combustible (l/h)";"0.5837293821638245";"L/h";
"23509.0340027";"Coste de combustible";"0.00010476352541794803";"€";
"23509.0340027";"Coste de combustible (Hoy)";"0.00010504";"€";
"23509.0340027";"Coste de combustible (Semana)";"0.8729652200000001";"€";
"23509.0340027";"Coste de combustible (total)";"2.67557989";"€";
"23509.0340027";"Potencia instantánea del motor (basada en el consumo de combustible)";"2.2836648642315507";"hp";
"23509.0340027";"Power from MAF";"2.088";"hp";
"23509.0340027";"Velocidad del flujo del aire MAF";"1.74";"g/sec";
"23509.2052839";"Presión absoluta en el colector de admisión";"2.320603808112";"psi";
"23509.2052839";"Sobrealimentación calculada";"-11.31294356456316";"psi";
"23509.4981421";"Combustible usado";"0.00018459962407976895";"L";
"23509.4981421";"Combustible usado (Hoy)";"0.000185";"L";
"23509.4981421";"Combustible usado (Semana)";"0.864403";"L";
"23509.4981421";"Combustible usado (total)";"2.64917";"L";
"23509.4981421";"Consumo instantáneo de combustible (l/h)";"0.6273413474979034";"L/h";
"23509.4981421";"Coste de combustible";"0.00018644562032056665";"€";
"23509.4981421";"Coste de combustible (Hoy)";"0.00018685";"€";
"23509.4981421";"Coste de combustible (Semana)";"0.8730470300000001";"€";
"23509.4981421";"Coste de combustible (total)";"2.6756617";"€";
"23509.4981421";"Potencia instantánea del motor (basada en el consumo de combustible)";"2.4542835035132176";"hp";
"23509.4981421";"Power from MAF";"2.244";"hp";
"23509.4981421";"Velocidad del flujo del aire MAF";"1.87";"g/sec";
"23509.6584258";"Presión absoluta en el colector de admisión";"2.465641546119";"psi";
"23509.6584258";"Sobrealimentación calculada";"-11.16790582655594";"psi";
"23509.9667022";"Combustible usado";"0.0002623304376106608";"L";
"23509.9667022";"Combustible usado (Hoy)";"0.000263";"L";
"23509.9667022";"Combustible usado (Semana)";"0.864481";"L";
"23509.9667022";"Combustible usado (total)";"2.6492479999999996";"L";
"23509.9667022";"Consumo instantáneo de combustible (l/h)";"0.5971484484204642";"L/h";
"23509.9667022";"Coste de combustible";"0.0002649537419867674";"€";
"23509.9667022";"Coste de combustible (Hoy)";"0.00026563";"€";
"23509.9667022";"Coste de combustible (Semana)";"0.8731258100000001";"€";
"23509.9667022";"Coste de combustible (total)";"2.67574048";"€";
"23509.9667022";"Potencia instantánea del motor (basada en el consumo de combustible)";"2.336162907087448";"hp";
"23509.9667022";"Power from MAF";"2.136";"hp";
"23509.9667022";"Velocidad del flujo del aire MAF";"1.78";"g/sec";
"23510.1314911";"Presión absoluta en el colector de admisión";"2.465641546119";"psi";
"23510.1314911";"Sobrealimentación calculada";"-11.16790582655594";"psi";
"23510.4386108";"Combustible usado";"0.00034105397372099534";"L";
"23510.4386108";"Combustible usado (Hoy)";"0.000342";"L";
"23510.4386108";"Combustible usado (Semana)";"0.86456";"L";
"23510.4386108";"Combustible usado (total)";"2.6493269999999995";"L";
"23510.4386108";"Consumo instantáneo de combustible (l/h)";"0.600503214984624";"L/h";
"23510.4386108";"Coste de combustible";"0.0003444645134582053";"€";
"23510.4386108";"Coste de combustible (Hoy)";"0.00034542000000000004";"€";
"23510.4386108";"Coste de combustible (Semana)";"0.8732056000000001";"€";
"23510.4386108";"Coste de combustible (total)";"2.67582027";"€";
"23510.4386108";"Potencia instantánea del motor (basada en el consumo de combustible)";"2.349287417801422";"hp";
"23510.4386108";"Power from MAF";"2.148";"hp";
"23510.4386108";"Velocidad del flujo del aire MAF";"1.79";"g/sec";
"23510.5780575";"Presión absoluta en el colector de admisión";"2.1755660701050004";"psi";
"23510.5780575";"Sobrealimentación calculada";"-11.45798130257038";"psi";
"23510.8868199";"Combustible usado";"0.00041495944870002804";"L";
"23510.8868199";"Combustible usado (Hoy)";"0.000416";"L";
"23510.8868199";"Combustible usado (Semana)";"0.864634";"L";
"23510.8868199";"Combustible usado (total)";"2.6494009999999997";"L";
"23510.8868199";"Consumo instantáneo de combustible (l/h)";"0.5937936818563042";"L/h";
"23510.8868199";"Coste de combustible";"0.0004191090431870283";"€";
"23510.8868199";"Coste de combustible (Hoy)";"0.00042016";"€";
"23510.8868199";"Coste de combustible (Semana)";"0.8732803400000001";"€";
"23510.8868199";"Coste de combustible (total)";"2.67589501";"€";
"23510.8868199";"Potencia instantánea del motor (basada en el consumo de combustible)";"2.3230383963734735";"hp";
"23510.8868199";"Power from MAF";"2.124";"hp";
"23510.8868199";"Velocidad del flujo del aire MAF";"1.77";"g/sec";
"23511.047699";"Presión absoluta en el colector de admisión";"2.320603808112";"psi";
"23511.047699";"Sobrealimentación calculada";"-11.31294356456316";"psi";
"23513.828024";"Presión absoluta en el colector de admisión";"2.320603808112";"psi";
"23513.828024";"Sobrealimentación calculada";"-11.31294356456316";"psi";
"23514.1261126";"Combustible usado";"0.0009522812859938498";"L";
"23514.1261126";"Combustible usado (Hoy)";"0.000953";"L";
"23514.1261126";"Combustible usado (Semana)";"0.865171";"L";
"23514.1261126";"Combustible usado (total)";"2.6499379999999997";"L";
"23514.1261126";"Consumo instantáneo de combustible (l/h)";"0.5971484484204642";"L/h";
"23514.1261126";"Coste de combustible";"0.0009618040988537884";"€";
"23514.1261126";"Coste de combustible (Hoy)";"0.00096253";"€";
"23514.1261126";"Coste de combustible (Semana)";"0.8738227100000001";"€";
"23514.1261126";"Coste de combustible (total)";"2.67643738";"€";
"23514.1261126";"Potencia instantánea del motor (basada en el consumo de combustible)";"2.336162907087448";"hp";
"23514.1261126";"Power from MAF";"2.136";"hp";
"23514.1261126";"Velocidad del flujo del aire MAF";"1.78";"g/sec";
"23514.2864645";"Presión absoluta en el colector de admisión";"2.1755660701050004";"psi";
"23514.2864645";"Sobrealimentación calculada";"-11.45798130257038";"psi";
"23514.5980249";"Combustible usado";"0.0010309962649333708";"L";
"23514.5980249";"Combustible usado (Hoy)";"0.001032";"L";
"23514.5980249";"Combustible usado (Semana)";"0.8652500000000001";"L";
"23514.5980249";"Combustible usado (total)";"2.6500169999999996";"L";
"23514.5980249";"Consumo instantáneo de combustible (l/h)";"0.600503214984624";"L/h";
"23514.5980249";"Coste de combustible";"0.0010413062275827045";"€";
"23514.5980249";"Coste de combustible (Hoy)";"0.00104232";"€";
"23514.5980249";"Coste de combustible (Semana)";"0.8739025000000001";"€";
"23514.5980249";"Coste de combustible (total)";"2.67651717";"€";
"23514.5980249";"Potencia instantánea del motor (basada en el consumo de combustible)";"2.349287417801422";"hp";
"23514.5980249";"Power from MAF";"2.148";"hp";
"23514.5980249";"Velocidad del flujo del aire MAF";"1.79";"g/sec";
"23514.7464169";"Presión absoluta en el colector de admisión";"2.320603808112";"psi";
"23514.7464169";"Sobrealimentación calculada";"-11.31294356456316";"psi";
"23515.0697539";"Combustible usado";"0.0011066109655204549";"L";
"23515.0697539";"Combustible usado (Hoy)";"0.001108";"L";
"23515.0697539";"Combustible usado (Semana)";"0.865326";"L";
"23515.0697539";"Combustible usado (total)";"2.6500929999999996";"L";
"23515.0697539";"Consumo instantáneo de combustible (l/h)";"0.5770198490355047";"L/h";
"23515.0697539";"Coste de combustible";"0.0011176770751756594";"€";
"23515.0697539";"Coste de combustible (Hoy)";"0.0011190800000000002";"€";
"23515.0697539";"Coste de combustible (Semana)";"0.8739792600000001";"€";
"23515.0697539";"Coste de combustible (total)";"2.67659393";"€";
"23515.0697539";"Potencia instantánea del motor (basada en el consumo de combustible)";"2.2574158428036015";"hp";
"23515.0697539";"Power from MAF";"2.064";"hp";
"23515.0697539";"Velocidad del flujo del aire MAF";"1.72";"g/sec";
"23515.2307003";"Presión absoluta en el colector de admisión";"2.465641546119";"psi";
"23515.2307003";"Sobrealimentación calculada";"-11.16790582655594";"psi";
"23515.5507683";"Combustible usado";"0.0011850527463423727";"L";
"23515.5507683";"Combustible usado (Hoy)";"0.001186";"L";
"23515.5507683";"Combustible usado (Semana)";"0.8654040000000001";"L";
"23515.5507683";"Combustible usado (total)";"2.650171";"L";
"23515.5507683";"Consumo instantáneo de combustible (l/h)";"0.5870841487279844";"L/h";
"23515.5507683";"Coste de combustible";"0.0011969032738057964";"€";
"23515.5507683";"Coste de combustible (Hoy)";"0.00119786";"€";
"23515.5507683";"Coste de combustible (Semana)";"0.8740580400000001";"€";
"23515.5507683";"Coste de combustible (total)";"2.67667271";"€";
"23515.5507683";"Potencia instantánea del motor (basada en el consumo de combustible)";"2.2967893749455244";"hp";
"23515.5507683";"Power from MAF";"2.1";"hp";
"23515.5507683";"Velocidad del flujo del aire MAF";"1.75";"g/sec";
"23515.6998689";"Presión absoluta en el colector de admisión";"2.465641546119";"psi";
"23515.6998689";"Sobrealimentación calculada";"-11.16790582655594";"psi";
"23517.4865806";"Presión absoluta en el colector de admisión";"2.465641546119";"psi";
"23517.4865806";"Sobrealimentación calculada";"-11.16790582655594";"psi";
"23517.6347017";"Combustible usado";"0.0015268541933650174";"L";
"23517.6347017";"Combustible usado (Hoy)";"0.001528";"L";
"23517.6347017";"Combustible usado (Semana)";"0.865746";"L";
"23517.6347017";"Combustible usado (total)";"2.6505129999999997";"L";
"23517.6347017";"Consumo instantáneo de combustible (l/h)";"0.5904389152921443";"L/h";
"23517.6347017";"Coste de combustible";"0.0015421227352986676";"€";
"23517.6347017";"Coste de combustible (Hoy)";"0.0015432800000000002";"€";
"23517.6347017";"Coste de combustible (Semana)";"0.8744034600000001";"€";
"23517.6347017";"Coste de combustible (total)";"2.67701813";"€";
"23517.6347017";"Potencia instantánea del motor (basada en el consumo de combustible)";"2.309913885659499";"hp";
"23517.6347017";"Power from MAF";"2.112";"hp";
"23517.6347017";"Velocidad del flujo del aire MAF";"1.76";"g/sec";
"23517.8025159";"Revoluciones del motor";"775";"rpm";
"23517.8025159";"Revoluciones del motor x1000";"0.8";"rpm";
"23518.119403";"Presión absoluta en el colector de admisión";"2.1755660701050004";"psi";
"23518.119403";"Sobrealimentación calculada";"-11.45798130257038";"psi";
"23518.2597782";"Combustible usado";"0.001628198937564067";"L";
"23518.2597782";"Combustible usado (Hoy)";"0.001629";"L";
"23518.2597782";"Combustible usado (Semana)";"0.865847";"L";
"23518.2597782";"Combustible usado (total)";"2.6506139999999996";"L";
"23518.2597782";"Consumo instantáneo de combustible (l/h)";"0.5837293821638245";"L/h";
"23518.2597782";"Coste de combustible";"0.0016444809269397075";"€";
"23518.2597782";"Coste de combustible (Hoy)";"0.00164529";"€";
"23518.2597782";"Coste de combustible (Semana)";"0.8745054700000001";"€";
"23518.2597782";"Coste de combustible (total)";"2.67712014";"€";
"23518.2597782";"Potencia instantánea del motor (basada en el consumo de combustible)";"2.2836648642315507";"hp";
"23518.2597782";"Power from MAF";"2.088";"hp";
"23518.2597782";"Velocidad del flujo del aire MAF";"1.74";"g/sec";
"23518.4227785";"Revoluciones del motor";"783";"rpm";
"23518.4227785";"Revoluciones del motor x1000";"0.8";"rpm";
"23518.7303477";"Presión absoluta en el colector de admisión";"2.320603808112";"psi";
"23518.7303477";"Sobrealimentación calculada";"-11.31294356456316";"psi";
"23518.8580372";"Combustible usado";"0.0017263163543938126";"L";
"23518.8580372";"Combustible usado (Hoy)";"0.001727";"L";
"23518.8580372";"Combustible usado (Semana)";"0.8659450000000001";"L";
"23518.8580372";"Combustible usado (total)";"2.6507119999999995";"L";
"23518.8580372";"Consumo instantáneo de combustible (l/h)";"0.5904389152921443";"L/h";
"23518.8580372";"Coste de combustible";"0.0017435795179377507";"€";
"23518.8580372";"Coste de combustible (Hoy)";"0.00174427";"€";
"23518.8580372";"Coste de combustible (Semana)";"0.8746044500000001";"€";
"23518.8580372";"Coste de combustible (total)";"2.67721912";"€";
"23518.8580372";"Potencia instantánea del motor (basada en el consumo de combustible)";"2.309913885659499";"hp";
"23518.8580372";"Power from MAF";"2.112";"hp";
"23518.8580372";"Velocidad del flujo del aire MAF";"1.76";"g/sec";
"23519.0229282";"Revoluciones del motor";"788";"rpm";
"23519.0229282";"Revoluciones del motor x1000";"0.8";"rpm";
"23519.3305279";"Presión absoluta en el colector de admisión";"2.465641546119";"psi";
"23519.3305279";"Sobrealimentación calculada";"-11.16790582655594";"psi";
"23519.5015756";"Combustible usado";"0.0018300558342186192";"L";
"23519.5015756";"Combustible usado (Hoy)";"0.001831";"L";
"23519.5015756";"Combustible usado (Semana)";"0.8660490000000001";"L";
"23519.5015756";"Combustible usado (total)";"2.650816";"L";
"23519.5015756";"Consumo instantáneo de combustible (l/h)";"0.5803746155996645";"L/h";
"23519.5015756";"Coste de combustible";"0.0018483563925608055";"€";
"23519.5015756";"Coste de combustible (Hoy)";"0.00184931";"€";
"23519.5015756";"Coste de combustible (Semana)";"0.8747094900000001";"€";
"23519.5015756";"Coste de combustible (total)";"2.67732416";"€";
"23519.5015756";"Potencia instantánea del motor (basada en el consumo de combustible)";"2.270540353517575";"hp";
"23519.5015756";"Power from MAF";"2.076";"hp";
"23519.5015756";"Velocidad del flujo del aire MAF";"1.73";"g/sec";
"23519.673947";"Revoluciones del motor";"774";"rpm";
"23519.673947";"Revoluciones del motor x1000";"0.8";"rpm";
"23520.0768076";"Presión absoluta en el colector de admisión";"2.320603808112";"psi";
"23520.0768076";"Sobrealimentación calculada";"-11.31294356456316";"psi";
"23520.4640354";"Combustible usado";"0.0019852414127294756";"L";
"23520.4640354";"Combustible usado (Hoy)";"0.001986";"L";
"23520.4640354";"Combustible usado (Semana)";"0.8662040000000001";"L";
"23520.4640354";"Combustible usado (total)";"2.6509709999999997";"L";
"23520.4640354";"Consumo instantáneo de combustible (l/h)";"0.5803746155996645";"L/h";
"23520.4640354";"Coste de combustible";"0.0020050938268567704";"€";
"23520.4640354";"Coste de combustible (Hoy)";"0.00200586";"€";
"23520.4640354";"Coste de combustible (Semana)";"0.8748660400000001";"€";
"23520.4640354";"Coste de combustible (total)";"2.67748071";"€";
"23520.4640354";"Potencia instantánea del motor (basada en el consumo de combustible)";"2.270540353517575";"hp";
"23520.4640354";"Power from MAF";"2.076";"hp";
"23520.4640354";"Velocidad del flujo del aire MAF";"1.73";"g/sec";
"23520.6177652";"Revoluciones del motor";"768";"rpm";
"23520.6177652";"Revoluciones del motor x1000";"0.8";"rpm";
"23520.9237477";"Presión absoluta en el colector de admisión";"2.465641546119";"psi";
"23520.9237477";"Sobrealimentación calculada";"-11.16790582655594";"psi";
"23521.0748545";"Combustible usado";"0.0020865452252353";"L";
"23521.0748545";"Combustible usado (Hoy)";"0.002087";"L";
"23521.0748545";"Combustible usado (Semana)";"0.866305";"L";
"23521.0748545";"Combustible usado (total)";"2.6510719999999997";"L";
"23521.0748545";"Consumo instantáneo de combustible (l/h)";"0.5971484484204642";"L/h";
"23521.0748545";"Coste de combustible";"0.002107410677487653";"€";
"23521.0748545";"Coste de combustible (Hoy)";"0.00210787";"€";
"23521.0748545";"Coste de combustible (Semana)";"0.8749680500000001";"€";
"23521.0748545";"Coste de combustible (total)";"2.67758272";"€";
"23521.0748545";"Potencia instantánea del motor (basada en el consumo de combustible)";"2.336162907087448";"hp";
"23521.0748545";"Power from MAF";"2.136";"hp";
"23521.0748545";"Velocidad del flujo del aire MAF";"1.78";"g/sec";
"23521.2517065";"Revoluciones del motor";"771";"rpm";
"23521.2517065";"Revoluciones del motor x1000";"0.8";"rpm";
"23521.5351191";"Presión absoluta en el colector de admisión";"2.320603808112";"psi";
"23521.5351191";"Sobrealimentación calculada";"-11.31294356456316";"psi";
"23521.6876606";"Combustible usado";"0.0021870665321032526";"L";
"23521.6876606";"Combustible usado (Hoy)";"0.002188";"L";
"23521.6876606";"Combustible usado (Semana)";"0.866406";"L";
"23521.6876606";"Combustible usado (total)";"2.6511729999999996";"L";
"23521.6876606";"Consumo instantáneo de combustible (l/h)";"0.5904389152921443";"L/h";
"23521.6876606";"Coste de combustible";"0.002208937197424285";"€";
"23521.6876606";"Coste de combustible (Hoy)";"0.00220988";"€";
"23521.6876606";"Coste de combustible (Semana)";"0.8750700600000001";"€";
"23521.6876606";"Coste de combustible (total)";"2.67768473";"€";
"23521.6876606";"Potencia instantánea del motor (basada en el consumo de combustible)";"2.309913885659499";"hp";
"23521.6876606";"Power from MAF";"2.112";"hp";
"23521.6876606";"Velocidad del flujo del aire MAF";"1.76";"g/sec";
"23521.8516609";"Revoluciones del motor";"780";"rpm";
"23521.8516609";"Revoluciones del motor x1000";"0.8";"rpm";
"23522.1767459";"Presión absoluta en el colector de admisión";"2.320603808112";"psi";
"23522.1767459";"Sobrealimentación calculada";"-11.31294356456316";"psi";
"23522.331656";"Combustible usado";"0.0022914859248905047";"L";
"23522.331656";"Combustible usado (Hoy)";"0.002292";"L";
"23522.331656";"Combustible usado (Semana)";"0.86651";"L";
"23522.331656";"Combustible usado (total)";"2.651277";"L";
"23522.331656";"Consumo instantáneo de combustible (l/h)";"0.5837293821638245";"L/h";
"23522.331656";"Coste de combustible";"0.00231440078413941";"€";
"23522.331656";"Coste de combustible (Hoy)";"0.0023149200000000003";"€";
"23522.331656";"Coste de combustible (Semana)";"0.8751751000000001";"€";
"23522.331656";"Coste de combustible (total)";"2.67778977";"€";
"23522.331656";"Potencia instantánea del motor (basada en el consumo de combustible)";"2.2836648642315507";"hp";
"23522.331656";"Power from MAF";"2.088";"hp";
"23522.331656";"Velocidad del flujo del aire MAF";"1.74";"g/sec";
"23522.4962099";"Revoluciones del motor";"776";"rpm";
"23522.4962099";"Revoluciones del motor x1000";"0.8";"rpm";
"23522.8067311";"Presión absoluta en el colector de admisión";"2.465641546119";"psi";
"23522.8067311";"Sobrealimentación calculada";"-11.16790582655594";"psi";
"23522.9760713";"Combustible usado";"0.002395995260646725";"L";
"23522.9760713";"Combustible usado (Hoy)";"0.002397";"L";
"23522.9760713";"Combustible usado (Semana)";"0.866615";"L";
"23522.9760713";"Combustible usado (total)";"2.651382";"L";
"23522.9760713";"Consumo instantáneo de combustible (l/h)";"0.5837293821638245";"L/h";
"23522.9760713";"Coste de combustible";"0.002419955213253192";"€";
"23522.9760713";"Coste de combustible (Hoy)";"0.0024209699999999997";"€";
"23522.9760713";"Coste de combustible (Semana)";"0.8752811500000001";"€";
"23522.9760713";"Coste de combustible (total)";"2.6778958200000003";"€";
"23522.9760713";"Potencia instantánea del motor (basada en el consumo de combustible)";"2.2836648642315507";"hp";
"23522.9760713";"Power from MAF";"2.088";"hp";
"23522.9760713";"Velocidad del flujo del aire MAF";"1.74";"g/sec";
"23523.1304395";"Revoluciones del motor";"785";"rpm";
"23523.1304395";"Revoluciones del motor x1000";"0.8";"rpm";
"23523.4239674";"Presión absoluta en el colector de admisión";"2.465641546119";"psi";
"23523.4239674";"Sobrealimentación calculada";"-11.16790582655594";"psi";
"23523.5782092";"Combustible usado";"0.002493618211163918";"L";
"23523.5782092";"Combustible usado (Hoy)";"0.002495";"L";
"23523.5782092";"Combustible usado (Semana)";"0.8667130000000001";"L";
"23523.5782092";"Combustible usado (total)";"2.65148";"L";
"23523.5782092";"Consumo instantáneo de combustible (l/h)";"0.5837293821638245";"L/h";
"23523.5782092";"Coste de combustible";"0.002518554393275557";"€";
"23523.5782092";"Coste de combustible (Hoy)";"0.00251995";"€";
"23523.5782092";"Coste de combustible (Semana)";"0.8753801300000001";"€";
"23523.5782092";"Coste de combustible (total)";"2.6779948";"€";
"23523.5782092";"Potencia instantánea del motor (basada en el consumo de combustible)";"2.2836648642315507";"hp";
"23523.5782092";"Power from MAF";"2.088";"hp";
"23523.5782092";"Velocidad del flujo del aire MAF";"1.74";"g/sec";
"23523.7267126";"Revoluciones del motor";"780";"rpm";
"23523.7267126";"Revoluciones del motor x1000";"0.8";"rpm";
"23524.0277975";"Presión absoluta en el colector de admisión";"2.465641546119";"psi";
"23524.0277975";"Sobrealimentación calculada";"-11.16790582655594";"psi";
"23524.191307";"Combustible usado";"0.002593010899450191";"L";
"23524.191307";"Combustible usado (Hoy)";"0.002594";"L";
"23524.191307";"Combustible usado (Semana)";"0.866812";"L";
"23524.191307";"Combustible usado (total)";"2.651579";"L";
"23524.191307";"Consumo instantáneo de combustible (l/h)";"0.5837293821638245";"L/h";
"23524.191307";"Coste de combustible";"0.002618941008444693";"€";
"23524.191307";"Coste de combustible (Hoy)";"0.00261994";"€";
"23524.191307";"Coste de combustible (Semana)";"0.8754801200000001";"€";
"23524.191307";"Coste de combustible (total)";"2.6780947900000003";"€";
"23524.191307";"Potencia instantánea del motor (basada en el consumo de combustible)";"2.2836648642315507";"hp";
"23524.191307";"Power from MAF";"2.088";"hp";
"23524.191307";"Velocidad del flujo del aire MAF";"1.74";"g/sec";
"23524.3443145";"Revoluciones del motor";"816";"rpm";
"23524.3443145";"Revoluciones del motor x1000";"0.8";"rpm";
"23524.6620361";"Presión absoluta en el colector de admisión";"3.9160189261890004";"psi";
"23524.6620361";"Sobrealimentación calculada";"-9.71752844648374";"psi";
"23524.8147766";"Combustible usado";"0.002778970232224397";"L";
"23524.8147766";"Combustible usado (Hoy)";"0.00278";"L";
"23524.8147766";"Combustible usado (Semana)";"0.866998";"L";
"23524.8147766";"Combustible usado (total)";"2.6517649999999997";"L";
"23524.8147766";"Consumo instantáneo de combustible (l/h)";"1.0735253005311716";"L/h";
"23524.8147766";"Coste de combustible";"0.002806759934546641";"€";
"23524.8147766";"Coste de combustible (Hoy)";"0.0028078";"€";
"23524.8147766";"Coste de combustible (Semana)";"0.8756679800000001";"€";
"23524.8147766";"Coste de combustible (total)";"2.67828265";"€";
"23524.8147766";"Potencia instantánea del motor (basada en el consumo de combustible)";"4.199843428471817";"hp";
"23524.8147766";"Power from MAF";"3.84";"hp";
"23524.8147766";"Velocidad del flujo del aire MAF";"3.2";"g/sec";
"23524.9762344";"Revoluciones del motor";"1281";"rpm";
"23524.9762344";"Revoluciones del motor x1000";"1.3";"rpm";
"23525.2839345";"Presión absoluta en el colector de admisión";"1.740452856084";"psi";
"23525.2839345";"Sobrealimentación calculada";"-11.89309451659204";"psi";
"23525.4508978";"Combustible usado";"0.002899280581865623";"L";
"23525.4508978";"Combustible usado (Hoy)";"0.0029";"L";
"23525.4508978";"Combustible usado (Semana)";"0.867118";"L";
"23525.4508978";"Combustible usado (total)";"2.6518849999999996";"L";
"23525.4508978";"Consumo instantáneo de combustible (l/h)";"0.6810176125244619";"L/h";
"23525.4508978";"Coste de combustible";"0.0029282733876842795";"€";
"23525.4508978";"Coste de combustible (Hoy)";"0.0029289999999999997";"€";
"23525.4508978";"Coste de combustible (Semana)";"0.8757891800000001";"€";
"23525.4508978";"Coste de combustible (total)";"2.67840385";"€";
"23525.4508978";"Potencia instantánea del motor (basada en el consumo de combustible)";"2.664275674936808";"hp";
"23525.4508978";"Power from MAF";"2.4360000000000004";"hp";
"23525.4508978";"Velocidad del flujo del aire MAF";"2.0300000000000002";"g/sec";
"23525.6091587";"Revoluciones del motor";"1186";"rpm";
"23525.6091587";"Revoluciones del motor x1000";"1.2";"rpm";
"23525.9238122";"Presión absoluta en el colector de admisión";"1.740452856084";"psi";
"23525.9238122";"Sobrealimentación calculada";"-11.89309451659204";"psi";
"23526.0879391";"Combustible usado";"0.0030126879309477217";"L";
"23526.0879391";"Combustible usado (Hoy)";"0.003013";"L";
"23526.0879391";"Combustible usado (Semana)";"0.8672310000000001";"L";
"23526.0879391";"Combustible usado (total)";"2.651998";"L";
"23526.0879391";"Consumo instantáneo de combustible (l/h)";"0.640760413754543";"L/h";
"23526.0879391";"Coste de combustible";"0.003042814810257199";"€";
"23526.0879391";"Coste de combustible (Hoy)";"0.0030431300000000002";"€";
"23526.0879391";"Coste de combustible (Semana)";"0.8759033100000001";"€";
"23526.0879391";"Coste de combustible (total)";"2.67851798";"€";
"23526.0879391";"Potencia instantánea del motor (basada en el consumo de combustible)";"2.506781546369115";"hp";
"23526.0879391";"Power from MAF";"2.2920000000000003";"hp";
"23526.0879391";"Velocidad del flujo del aire MAF";"1.9100000000000001";"g/sec";
"23526.2320111";"Revoluciones del motor";"992";"rpm";
"23526.2320111";"Revoluciones del motor x1000";"1";"rpm";
"23526.5457548";"Presión absoluta en el colector de admisión";"2.030528332098";"psi";
"23526.5457548";"Sobrealimentación calculada";"-11.6030190405776";"psi";
"23526.6992877";"Combustible usado";"0.0031180798846333056";"L";
"23526.6992877";"Combustible usado (Hoy)";"0.003118";"L";
"23526.6992877";"Combustible usado (Semana)";"0.867336";"L";
"23526.6992877";"Combustible usado (total)";"2.652103";"L";
"23526.6992877";"Consumo instantáneo de combustible (l/h)";"0.6206318143695835";"L/h";
"23526.6992877";"Coste de combustible";"0.003149260683479639";"€";
"23526.6992877";"Coste de combustible (Hoy)";"0.00314918";"€";
"23526.6992877";"Coste de combustible (Semana)";"0.8760093600000001";"€";
"23526.6992877";"Coste de combustible (total)";"2.67862403";"€";
"23526.6992877";"Potencia instantánea del motor (basada en el consumo de combustible)";"2.4280344820852684";"hp";
"23526.6992877";"Power from MAF";"2.22";"hp";
"23526.6992877";"Velocidad del flujo del aire MAF";"1.85";"g/sec";
"23526.8662182";"Revoluciones del motor";"895";"rpm";
"23526.8662182";"Revoluciones del motor x1000";"0.9";"rpm";
"23527.1824618";"Presión absoluta en el colector de admisión";"2.1755660701050004";"psi";
"23527.1824618";"Sobrealimentación calculada";"-11.45798130257038";"psi";
"23527.3523836";"Combustible usado";"0.0032422368966545526";"L";
"23527.3523836";"Combustible usado (Hoy)";"0.003242";"L";
"23527.3523836";"Combustible usado (Semana)";"0.86746";"L";
"23527.3523836";"Combustible usado (total)";"2.652227";"L";
"23527.3523836";"Consumo instantáneo de combustible (l/h)";"0.6843723790886218";"L/h";
"23527.3523836";"Coste de combustible";"0.003274659265621098";"€";
"23527.3523836";"Coste de combustible (Hoy)";"0.00327442";"€";
"23527.3523836";"Coste de combustible (Semana)";"0.8761346000000001";"€";
"23527.3523836";"Coste de combustible (total)";"2.67874927";"€";
"23527.3523836";"Potencia instantánea del motor (basada en el consumo de combustible)";"2.6774001856507827";"hp";
"23527.3523836";"Power from MAF";"2.448";"hp";
"23527.3523836";"Velocidad del flujo del aire MAF";"2.04";"g/sec";
"23527.5071412";"Revoluciones del motor";"826";"rpm";
"23527.5071412";"Revoluciones del motor x1000";"0.8";"rpm";
"23527.8082876";"Presión absoluta en el colector de admisión";"2.465641546119";"psi";
"23527.8082876";"Sobrealimentación calculada";"-11.16790582655594";"psi";
"23527.9670774";"Combustible usado";"0.0033516463991240335";"L";
"23527.9670774";"Combustible usado (Hoy)";"0.003351";"L";
"23527.9670774";"Combustible usado (Semana)";"0.867569";"L";
"23527.9670774";"Combustible usado (total)";"2.6523359999999996";"L";
"23527.9670774";"Consumo instantáneo de combustible (l/h)";"0.640760413754543";"L/h";
"23527.9670774";"Coste de combustible";"0.003385162863115274";"€";
"23527.9670774";"Coste de combustible (Hoy)";"0.00338451";"€";
"23527.9670774";"Coste de combustible (Semana)";"0.87624469";"€";
"23527.9670774";"Coste de combustible (total)";"2.67885936";"€";
"23527.9670774";"Potencia instantánea del motor (basada en el consumo de combustible)";"2.506781546369115";"hp";
"23527.9670774";"Power from MAF";"2.2920000000000003";"hp";
"23527.9670774";"Velocidad del flujo del aire MAF";"1.9100000000000001";"g/sec";
"23528.110632";"Revoluciones del motor";"807";"rpm";
"23528.110632";"Revoluciones del motor x1000";"0.8";"rpm";
"23528.3872326";"Presión absoluta en el colector de admisión";"2.465641546119";"psi";
"23528.3872326";"Sobrealimentación calculada";"-11.16790582655594";"psi";
"23528.5507236";"Combustible usado";"0.0034576819149193926";"L";
"23528.5507236";"Combustible usado (Hoy)";"0.003457";"L";
"23528.5507236";"Combustible usado (Semana)";"0.8676750000000001";"L";
"23528.5507236";"Combustible usado (total)";"2.6524419999999997";"L";
"23528.5507236";"Consumo instantáneo de combustible (l/h)";"0.6541794800111825";"L/h";
"23528.5507236";"Coste de combustible";"0.0034922587340685866";"€";
"23528.5507236";"Coste de combustible (Hoy)";"0.00349157";"€";
"23528.5507236";"Coste de combustible (Semana)";"0.8763517500000001";"€";
"23528.5507236";"Coste de combustible (total)";"2.67896642";"€";
"23528.5507236";"Potencia instantánea del motor (basada en el consumo de combustible)";"2.5592795892250124";"hp";
"23528.5507236";"Power from MAF";"2.34";"hp";
"23528.5507236";"Velocidad del flujo del aire MAF";"1.95";"g/sec";
"23528.7146741";"Revoluciones del motor";"801";"rpm";
"23528.7146741";"Revoluciones del motor x1000";"0.8";"rpm";
"23529.02804";"Presión absoluta en el colector de admisión";"2.755717022133";"psi";
"23529.02804";"Sobrealimentación calculada";"-10.8778303505415";"psi";
"23529.1957772";"Combustible usado";"0.003573721748578884";"L";
"23529.1957772";"Combustible usado (Hoy)";"0.003573";"L";
"23529.1957772";"Combustible usado (Semana)";"0.8677910000000001";"L";
"23529.1957772";"Combustible usado (total)";"2.6525579999999995";"L";
"23529.1957772";"Consumo instantáneo de combustible (l/h)";"0.6474699468828627";"L/h";
"23529.1957772";"Coste de combustible";"0.003609458966064673";"€";
"23529.1957772";"Coste de combustible (Hoy)";"0.0036087299999999997";"€";
"23529.1957772";"Coste de combustible (Semana)";"0.87646891";"€";
"23529.1957772";"Coste de combustible (total)";"2.67908358";"€";
"23529.1957772";"Potencia instantánea del motor (basada en el consumo de combustible)";"2.533030567797064";"hp";
"23529.1957772";"Power from MAF";"2.316";"hp";
"23529.1957772";"Velocidad del flujo del aire MAF";"1.93";"g/sec";
"23529.3633382";"Revoluciones del motor";"800";"rpm";
"23529.3633382";"Revoluciones del motor x1000";"0.8";"rpm";
"23529.675547";"Presión absoluta en el colector de admisión";"2.465641546119";"psi";
"23529.675547";"Sobrealimentación calculada";"-11.16790582655594";"psi";
"23529.8390215";"Combustible usado";"0.0036876059709253567";"L";
"23529.8390215";"Combustible usado (Hoy)";"0.003687";"L";
"23529.8390215";"Combustible usado (Semana)";"0.867905";"L";
"23529.8390215";"Combustible usado (total)";"2.652672";"L";
"23529.8390215";"Consumo instantáneo de combustible (l/h)";"0.6374056471903832";"L/h";
"23529.8390215";"Coste de combustible";"0.00372448203063461";"€";
"23529.8390215";"Coste de combustible (Hoy)";"0.0037238700000000002";"€";
"23529.8390215";"Coste de combustible (Semana)";"0.8765840500000001";"€";
"23529.8390215";"Coste de combustible (total)";"2.67919872";"€";
"23529.8390215";"Potencia instantánea del motor (basada en el consumo de combustible)";"2.4936570356551413";"hp";
"23529.8390215";"Power from MAF";"2.2800000000000002";"hp";
"23529.8390215";"Velocidad del flujo del aire MAF";"1.9000000000000001";"g/sec";
"23529.9967071";"Revoluciones del motor";"792";"rpm";
"23529.9967071";"Revoluciones del motor x1000";"0.8";"rpm";
"23530.3220668";"Presión absoluta en el colector de admisión";"2.465641546119";"psi";
"23530.3220668";"Sobrealimentación calculada";"-11.16790582655594";"psi";
"23530.4762646";"Combustible usado";"0.0037962899454850436";"L";
"23530.4762646";"Combustible usado (Hoy)";"0.003796";"L";
"23530.4762646";"Combustible usado (Semana)";"0.8680140000000001";"L";
"23530.4762646";"Combustible usado (total)";"2.6527809999999996";"L";
"23530.4762646";"Consumo instantáneo de combustible (l/h)";"0.6139222812412637";"L/h";
"23530.4762646";"Coste de combustible";"0.003834252844939894";"€";
"23530.4762646";"Coste de combustible (Hoy)";"0.00383396";"€";
"23530.4762646";"Coste de combustible (Semana)";"0.8766941400000001";"€";
"23530.4762646";"Coste de combustible (total)";"2.67930881";"€";
"23530.4762646";"Potencia instantánea del motor (basada en el consumo de combustible)";"2.40178546065732";"hp";
"23530.4762646";"Power from MAF";"2.196";"hp";
"23530.4762646";"Velocidad del flujo del aire MAF";"1.83";"g/sec";
"23530.6239496";"Revoluciones del motor";"790";"rpm";
"23530.6239496";"Revoluciones del motor x1000";"0.8";"rpm";
"23530.9396744";"Presión absoluta en el colector de admisión";"2.465641546119";"psi";
"23530.9396744";"Sobrealimentación calculada";"-11.16790582655594";"psi";
"23531.0794104";"Combustible usado";"0.003900818669555494";"L";
"23531.0794104";"Combustible usado (Hoy)";"0.003901";"L";
"23531.0794104";"Combustible usado (Semana)";"0.8681190000000001";"L";
"23531.0794104";"Combustible usado (total)";"2.6528859999999996";"L";
"23531.0794104";"Consumo instantáneo de combustible (l/h)";"0.6239865809337435";"L/h";
"23531.0794104";"Coste de combustible";"0.003939826856251049";"€";
"23531.0794104";"Coste de combustible (Hoy)";"0.00394001";"€";
"23531.0794104";"Coste de combustible (Semana)";"0.8768001900000001";"€";
"23531.0794104";"Coste de combustible (total)";"2.67941486";"€";
"23531.0794104";"Potencia instantánea del motor (basada en el consumo de combustible)";"2.441158992799243";"hp";
"23531.0794104";"Power from MAF";"2.232";"hp";
"23531.0794104";"Velocidad del flujo del aire MAF";"1.86";"g/sec";
"23531.2228277";"Revoluciones del motor";"789";"rpm";
"23531.2228277";"Revoluciones del motor x1000";"0.8";"rpm";
"23531.5478115";"Presión absoluta en el colector de admisión";"2.320603808112";"psi";
"23531.5478115";"Sobrealimentación calculada";"-11.31294356456316";"psi";
"23531.7034034";"Combustible usado";"0.004003741951076322";"L";
"23531.7034034";"Combustible usado (Hoy)";"0.004004";"L";
"23531.7034034";"Combustible usado (Semana)";"0.868222";"L";
"23531.7034034";"Combustible usado (total)";"2.652989";"L";
"23531.7034034";"Consumo instantáneo de combustible (l/h)";"0.5937936818563042";"L/h";
"23531.7034034";"Coste de combustible";"0.004043779370587085";"€";
"23531.7034034";"Coste de combustible (Hoy)";"0.00404404";"€";
"23531.7034034";"Coste de combustible (Semana)";"0.8769042200000001";"€";
"23531.7034034";"Coste de combustible (total)";"2.67951889";"€";
"23531.7034034";"Potencia instantánea del motor (basada en el consumo de combustible)";"2.3230383963734735";"hp";
"23531.7034034";"Power from MAF";"2.124";"hp";
"23531.7034034";"Velocidad del flujo del aire MAF";"1.77";"g/sec";
"23531.8607539";"Revoluciones del motor";"788";"rpm";
"23531.8607539";"Revoluciones del motor x1000";"0.8";"rpm";
"23532.1671388";"Presión absoluta en el colector de admisión";"2.320603808112";"psi";
"23532.1671388";"Sobrealimentación calculada";"-11.31294356456316";"psi";
"23532.3186353";"Combustible usado";"0.004106369051439755";"L";
"23532.3186353";"Combustible usado (Hoy)";"0.004107";"L";
"23532.3186353";"Combustible usado (Semana)";"0.868325";"L";
"23532.3186353";"Combustible usado (total)";"2.6530919999999996";"L";
"23532.3186353";"Consumo instantáneo de combustible (l/h)";"0.600503214984624";"L/h";
"23532.3186353";"Coste de combustible";"0.004147432741954152";"€";
"23532.3186353";"Coste de combustible (Hoy)";"0.00414807";"€";
"23532.3186353";"Coste de combustible (Semana)";"0.87700825";"€";
"23532.3186353";"Coste de combustible (total)";"2.67962292";"€";
"23532.3186353";"Potencia instantánea del motor (basada en el consumo de combustible)";"2.349287417801422";"hp";
"23532.3186353";"Power from MAF";"2.148";"hp";
"23532.3186353";"Velocidad del flujo del aire MAF";"1.79";"g/sec";
"23532.4761169";"Revoluciones del motor";"781";"rpm";
"23532.4761169";"Revoluciones del motor x1000";"0.8";"rpm";
"23532.7866132";"Presión absoluta en el colector de admisión";"2.465641546119";"psi";
"23532.7866132";"Sobrealimentación calculada";"-11.16790582655594";"psi";
"23532.9282522";"Combustible usado";"0.004210328194856026";"L";
"23532.9282522";"Combustible usado (Hoy)";"0.004211";"L";
"23532.9282522";"Combustible usado (Semana)";"0.868429";"L";
"23532.9282522";"Combustible usado (total)";"2.653196";"L";
"23532.9282522";"Consumo instantáneo de combustible (l/h)";"0.6139222812412637";"L/h";
"23532.9282522";"Coste de combustible";"0.0042524314768045855";"€";
"23532.9282522";"Coste de combustible (Hoy)";"0.00425311";"€";
"23532.9282522";"Coste de combustible (Semana)";"0.87711329";"€";
"23532.9282522";"Coste de combustible (total)";"2.67972796";"€";
"23532.9282522";"Potencia instantánea del motor (basada en el consumo de combustible)";"2.40178546065732";"hp";
"23532.9282522";"Power from MAF";"2.196";"hp";
"23532.9282522";"Velocidad del flujo del aire MAF";"1.83";"g/sec";
"23533.0997474";"Revoluciones del motor";"787";"rpm";
"23533.0997474";"Revoluciones del motor x1000";"0.8";"rpm";
"23533.4199419";"Presión absoluta en el colector de admisión";"2.320603808112";"psi";
"23533.4199419";"Sobrealimentación calculada";"-11.31294356456316";"psi";
"23533.5755793";"Combustible usado";"0.004319492953312833";"L";
"23533.5755793";"Combustible usado (Hoy)";"0.00432";"L";
"23533.5755793";"Combustible usado (Semana)";"0.868538";"L";
"23533.5755793";"Combustible usado (total)";"2.6533049999999996";"L";
"23533.5755793";"Consumo instantáneo de combustible (l/h)";"0.6072127481129439";"L/h";
"23533.5755793";"Coste de combustible";"0.004362687882845961";"€";
"23533.5755793";"Coste de combustible (Hoy)";"0.0043632";"€";
"23533.5755793";"Coste de combustible (Semana)";"0.8772233800000001";"€";
"23533.5755793";"Coste de combustible (total)";"2.67983805";"€";
"23533.5755793";"Potencia instantánea del motor (basada en el consumo de combustible)";"2.375536439229371";"hp";
"23533.5755793";"Power from MAF";"2.172";"hp";
"23533.5755793";"Velocidad del flujo del aire MAF";"1.81";"g/sec";
"23533.7198606";"Revoluciones del motor";"789";"rpm";
"23533.7198606";"Revoluciones del motor x1000";"0.8";"rpm";
"23534.0306033";"Presión absoluta en el colector de admisión";"2.465641546119";"psi";
"23534.0306033";"Sobrealimentación calculada";"-11.16790582655594";"psi";
"23534.1883034";"Combustible usado";"0.004424004967850155";"L";
"23534.1883034";"Combustible usado (Hoy)";"0.004425";"L";
"23534.1883034";"Combustible usado (Semana)";"0.868643";"L";
"23534.1883034";"Combustible usado (total)";"2.6534099999999996";"L";
"23534.1883034";"Consumo instantáneo de combustible (l/h)";"0.6139222812412637";"L/h";
"23534.1883034";"Coste de combustible";"0.0044682450175286565";"€";
"23534.1883034";"Coste de combustible (Hoy)";"0.00446925";"€";
"23534.1883034";"Coste de combustible (Semana)";"0.8773294300000001";"€";
"23534.1883034";"Coste de combustible (total)";"2.6799441";"€";
"23534.1883034";"Potencia instantánea del motor (basada en el consumo de combustible)";"2.40178546065732";"hp";
"23534.1883034";"Power from MAF";"2.196";"hp";
"23534.1883034";"Velocidad del flujo del aire MAF";"1.83";"g/sec";
"23534.3435409";"Revoluciones del motor";"780";"rpm";
"23534.3435409";"Revoluciones del motor x1000";"0.8";"rpm";
"23534.6480664";"Presión absoluta en el colector de admisión";"3.3358679741610002";"psi";
"23534.6480664";"Sobrealimentación calculada";"-10.29767939851262";"psi";
"23534.7923302";"Combustible usado";"0.004746563119373778";"L";
"23534.7923302";"Combustible usado (Hoy)";"0.004748";"L";
"23534.7923302";"Combustible usado (Semana)";"0.868966";"L";
"23534.7923302";"Combustible usado (total)";"2.653733";"L";
"23534.7923302";"Consumo instantáneo de combustible (l/h)";"1.9222812412636294";"L/h";
"23534.7923302";"Coste de combustible";"0.004794028750567516";"€";
"23534.7923302";"Coste de combustible (Hoy)";"0.0047954799999999995";"€";
"23534.7923302";"Coste de combustible (Semana)";"0.8776556600000001";"€";
"23534.7923302";"Coste de combustible (total)";"2.68027033";"€";
"23534.7923302";"Potencia instantánea del motor (basada en el consumo de combustible)";"7.520344639107347";"hp";
"23534.7923302";"Power from MAF";"6.876";"hp";
"23534.7923302";"Velocidad del flujo del aire MAF";"5.73";"g/sec";
"23534.9348145";"Revoluciones del motor";"1081";"rpm";
"23534.9348145";"Revoluciones del motor x1000";"1.1";"rpm";
"23535.2264156";"Presión absoluta en el colector de admisión";"2.465641546119";"psi";
"23535.2264156";"Sobrealimentación calculada";"-11.16790582655594";"psi";
"23535.3714718";"Combustible usado";"0.004872292099338367";"L";
"23535.3714718";"Combustible usado (Hoy)";"0.004874";"L";
"23535.3714718";"Combustible usado (Semana)";"0.8690920000000001";"L";
"23535.3714718";"Combustible usado (total)";"2.6538589999999997";"L";
"23535.3714718";"Consumo instantáneo de combustible (l/h)";"0.7816606094492593";"L/h";
"23535.3714718";"Coste de combustible";"0.00492101502033175";"€";
"23535.3714718";"Coste de combustible (Hoy)";"0.00492274";"€";
"23535.3714718";"Coste de combustible (Semana)";"0.8777829200000001";"€";
"23535.3714718";"Coste de combustible (total)";"2.68039759";"€";
"23535.3714718";"Potencia instantánea del motor (basada en el consumo de combustible)";"3.0580109963560416";"hp";
"23535.3714718";"Power from MAF";"2.796";"hp";
"23535.3714718";"Velocidad del flujo del aire MAF";"2.33";"g/sec";
"23535.5281264";"Revoluciones del motor";"1294";"rpm";
"23535.5281264";"Revoluciones del motor x1000";"1.3";"rpm";
"23535.8562193";"Presión absoluta en el colector de admisión";"1.885490594091";"psi";
"23535.8562193";"Sobrealimentación calculada";"-11.74805677858482";"psi";
"23536.0476018";"Combustible usado";"0.005001462540117418";"L";
"23536.0476018";"Combustible usado (Hoy)";"0.005003";"L";
"23536.0476018";"Combustible usado (Semana)";"0.869221";"L";
"23536.0476018";"Combustible usado (total)";"2.6539879999999996";"L";
"23536.0476018";"Consumo instantáneo de combustible (l/h)";"0.6877271456527817";"L/h";
"23536.0476018";"Coste de combustible";"0.005051477165518592";"€";
"23536.0476018";"Coste de combustible (Hoy)";"0.00505303";"€";
"23536.0476018";"Coste de combustible (Semana)";"0.8779132100000001";"€";
"23536.0476018";"Coste de combustible (total)";"2.68052788";"€";
"23536.0476018";"Potencia instantánea del motor (basada en el consumo de combustible)";"2.6905246963647564";"hp";
"23536.0476018";"Power from MAF";"2.4599999999999995";"hp";
"23536.0476018";"Velocidad del flujo del aire MAF";"2.05";"g/sec";
"23536.2046834";"Revoluciones del motor";"1025";"rpm";
"23536.2046834";"Revoluciones del motor x1000";"1";"rpm";
"23536.5103147";"Presión absoluta en el colector de admisión";"2.1755660701050004";"psi";
"23536.5103147";"Sobrealimentación calculada";"-11.45798130257038";"psi";
"23536.6510123";"Combustible usado";"0.005131911117882771";"L";
"23536.6510123";"Combustible usado (Hoy)";"0.005133";"L";
"23536.6510123";"Combustible usado (Semana)";"0.8693510000000001";"L";
"23536.6510123";"Combustible usado (total)";"2.6541179999999995";"L";
"23536.6510123";"Consumo instantáneo de combustible (l/h)";"0.7783058428850993";"L/h";
"23536.6510123";"Coste de combustible";"0.005183230229061598";"€";
"23536.6510123";"Coste de combustible (Hoy)";"0.005184330000000001";"€";
"23536.6510123";"Coste de combustible (Semana)";"0.8780445100000001";"€";
"23536.6510123";"Coste de combustible (total)";"2.68065918";"€";
"23536.6510123";"Potencia instantánea del motor (basada en el consumo de combustible)";"3.044886485642067";"hp";
"23536.6510123";"Power from MAF";"2.784";"hp";
"23536.6510123";"Velocidad del flujo del aire MAF";"2.32";"g/sec";
"23536.8065896";"Revoluciones del motor";"900";"rpm";
"23536.8065896";"Revoluciones del motor x1000";"0.9";"rpm";
"23537.1360123";"Presión absoluta en el colector de admisión";"2.465641546119";"psi";
"23537.1360123";"Sobrealimentación calculada";"-11.16790582655594";"psi";
"23537.3019332";"Combustible usado";"0.005304150250116486";"L";
"23537.3019332";"Combustible usado (Hoy)";"0.005305";"L";
"23537.3019332";"Combustible usado (Semana)";"0.869523";"L";
"23537.3019332";"Combustible usado (total)";"2.6542899999999996";"L";
"23537.3019332";"Consumo instantáneo de combustible (l/h)";"0.9527537042214146";"L/h";
"23537.3019332";"Coste de combustible";"0.005357191752617651";"€";
"23537.3019332";"Coste de combustible (Hoy)";"0.00535805";"€";
"23537.3019332";"Coste de combustible (Semana)";"0.8782182300000001";"€";
"23537.3019332";"Coste de combustible (total)";"2.6808329";"€";
"23537.3019332";"Potencia instantánea del motor (basada en el consumo de combustible)";"3.7273610427687367";"hp";
"23537.3019332";"Power from MAF";"3.408";"hp";
"23537.3019332";"Velocidad del flujo del aire MAF";"2.84";"g/sec";
"23537.4589039";"Revoluciones del motor";"1087";"rpm";
"23537.4589039";"Revoluciones del motor x1000";"1.1";"rpm";
"23537.7644716";"Presión absoluta en el colector de admisión";"6.526698210315001";"psi";
"23537.7644716";"Sobrealimentación calculada";"-7.10684916235378";"psi";
"23537.9103456";"Combustible usado";"0.005846174811108006";"L";
"23537.9103456";"Combustible usado (Hoy)";"0.005847";"L";
"23537.9103456";"Combustible usado (Semana)";"0.8700650000000001";"L";
"23537.9103456";"Combustible usado (total)";"2.654832";"L";
"23537.9103456";"Consumo instantáneo de combustible (l/h)";"3.207156835336875";"L/h";
"23537.9103456";"Coste de combustible";"0.005904636559219086";"€";
"23537.9103456";"Coste de combustible (Hoy)";"0.0059054699999999995";"€";
"23537.9103456";"Coste de combustible (Semana)";"0.8787656500000001";"€";
"23537.9103456";"Coste de combustible (total)";"2.68138032";"€";
"23537.9103456";"Potencia instantánea del motor (basada en el consumo de combustible)";"12.547032242559554";"hp";
"23537.9103456";"Power from MAF";"11.472";"hp";
"23537.9103456";"Velocidad del flujo del aire MAF";"9.56";"g/sec";
"23538.0797828";"Revoluciones del motor";"1686";"rpm";
"23538.0797828";"Revoluciones del motor x1000";"1.7";"rpm";
"23538.3827126";"Presión absoluta en el colector de admisión";"6.816773686329";"psi";
"23538.3827126";"Sobrealimentación calculada";"-6.81677368633934";"psi";
"23538.5514529";"Combustible usado";"0.006639608217873452";"L";
"23538.5514529";"Combustible usado (Hoy)";"0.00664";"L";
"23538.5514529";"Combustible usado (Semana)";"0.870858";"L";
"23538.5514529";"Combustible usado (total)";"2.6556249999999997";"L";
"23538.5514529";"Consumo instantáneo de combustible (l/h)";"4.455129997204362";"L/h";
"23538.5514529";"Coste de combustible";"0.006706004300052187";"€";
"23538.5514529";"Coste de combustible (Hoy)";"0.0067064";"€";
"23538.5514529";"Coste de combustible (Semana)";"0.8795665800000001";"€";
"23538.5514529";"Coste de combustible (total)";"2.68218125";"€";
"23538.5514529";"Potencia instantánea del motor (basada en el consumo de combustible)";"17.429350228158036";"hp";
"23538.5514529";"Power from MAF";"15.936";"hp";
"23538.5514529";"Velocidad del flujo del aire MAF";"13.280000000000001";"g/sec";
"23538.7002745";"Revoluciones del motor";"1527";"rpm";
"23538.7002745";"Revoluciones del motor x1000";"1.5";"rpm";
"23539.0225649";"Presión absoluta en el colector de admisión";"7.687000114371001";"psi";
"23539.0225649";"Sobrealimentación calculada";"-5.94654725829602";"psi";
"23539.1907985";"Combustible usado";"0.007511369712981084";"L";
"23539.1907985";"Combustible usado (Hoy)";"0.007512";"L";
"23539.1907985";"Combustible usado (Semana)";"0.87173";"L";
"23539.1907985";"Combustible usado (total)";"2.656497";"L";
"23539.1907985";"Consumo instantáneo de combustible (l/h)";"4.90802348336595";"L/h";
"23539.1907985";"Coste de combustible";"0.0075864834101108955";"€";
"23539.1907985";"Coste de combustible (Hoy)";"0.007587119999999999";"€";
"23539.1907985";"Coste de combustible (Semana)";"0.8804473";"€";
"23539.1907985";"Coste de combustible (total)";"2.6830619700000002";"€";
"23539.1907985";"Potencia instantánea del motor (basada en el consumo de combustible)";"19.201159174544586";"hp";
"23539.1907985";"Power from MAF";"17.556";"hp";
"23539.1907985";"Velocidad del flujo del aire MAF";"14.63";"g/sec";
"23539.3359434";"Revoluciones del motor";"1389";"rpm";
"23539.3359434";"Revoluciones del motor x1000";"1.4";"rpm";
"23539.6401938";"Presión absoluta en el colector de admisión";"6.381660472308001";"psi";
"23539.6401938";"Sobrealimentación calculada";"-7.251886900361";"psi";
"23539.8079962";"Combustible usado";"0.008064079043425591";"L";
"23539.8079962";"Combustible usado (Hoy)";"0.008065";"L";
"23539.8079962";"Combustible usado (Semana)";"0.872283";"L";
"23539.8079962";"Combustible usado (total)";"2.65705";"L";
"23539.8079962";"Consumo instantáneo de combustible (l/h)";"3.223930668157674";"L/h";
"23539.8079962";"Coste de combustible";"0.008144719833859847";"€";
"23539.8079962";"Coste de combustible (Hoy)";"0.008145649999999999";"€";
"23539.8079962";"Coste de combustible (Semana)";"0.8810058300000001";"€";
"23539.8079962";"Coste de combustible (total)";"2.6836205";"€";
"23539.8079962";"Potencia instantánea del motor (basada en el consumo de combustible)";"12.61265479612942";"hp";
"23539.8079962";"Power from MAF";"11.531999999999998";"hp";
"23539.8079962";"Velocidad del flujo del aire MAF";"9.61";"g/sec";
"23539.9401886";"Revoluciones del motor";"1793";"rpm";
"23539.9401886";"Revoluciones del motor x1000";"1.8";"rpm";
"23540.2519216";"Presión absoluta en el colector de admisión";"6.381660472308001";"psi";
"23540.2519216";"Sobrealimentación calculada";"-7.251886900361";"psi";
"23540.4034002";"Combustible usado";"0.008649430520454759";"L";
"23540.4034002";"Combustible usado (Hoy)";"0.00865";"L";
"23540.4034002";"Combustible usado (Semana)";"0.8728680000000001";"L";
"23540.4034002";"Combustible usado (total)";"2.6576349999999995";"L";
"23540.4034002";"Consumo instantáneo de combustible (l/h)";"3.5392787251887063";"L/h";
"23540.4034002";"Coste de combustible";"0.008735924825659306";"€";
"23540.4034002";"Coste de combustible (Hoy)";"0.0087365";"€";
"23540.4034002";"Coste de combustible (Semana)";"0.8815966800000001";"€";
"23540.4034002";"Coste de combustible (total)";"2.68421135";"€";
"23540.4034002";"Potencia instantánea del motor (basada en el consumo de combustible)";"13.84635880324302";"hp";
"23540.4034002";"Power from MAF";"12.66";"hp";
"23540.4034002";"Velocidad del flujo del aire MAF";"10.55";"g/sec";
"23540.5599513";"Revoluciones del motor";"2048";"rpm";
"23540.5599513";"Revoluciones del motor x1000";"2";"rpm";
"23540.8559105";"Presión absoluta en el colector de admisión";"5.656471782273001";"psi";
"23540.8559105";"Sobrealimentación calculada";"-7.9770755903971";"psi";
"23541.0146821";"Combustible usado";"0.00930901020566583";"L";
"23541.0146821";"Combustible usado (Hoy)";"0.00931";"L";
"23541.0146821";"Combustible usado (Semana)";"0.8735280000000001";"L";
"23541.0146821";"Combustible usado (total)";"2.658295";"L";
"23541.0146821";"Consumo instantáneo de combustible (l/h)";"3.8848196812971767";"L/h";
"23541.0146821";"Coste de combustible";"0.009402100307722488";"€";
"23541.0146821";"Coste de combustible (Hoy)";"0.009403100000000001";"€";
"23541.0146821";"Coste de combustible (Semana)";"0.8822632800000001";"€";
"23541.0146821";"Coste de combustible (total)";"2.68487795";"€";
"23541.0146821";"Potencia instantánea del motor (basada en el consumo de combustible)";"15.198183406782388";"hp";
"23541.0146821";"Power from MAF";"13.895999999999999";"hp";
"23541.0146821";"Velocidad del flujo del aire MAF";"11.58";"g/sec";
"23541.167283";"Revoluciones del motor";"2268";"rpm";
"23541.167283";"Revoluciones del motor x1000";"2.3";"rpm";
"23541.4824402";"Presión absoluta en el colector de admisión";"6.236622734301";"psi";
"23541.4824402";"Sobrealimentación calculada";"-7.39692463836822";"psi";
"23541.6270381";"Combustible usado";"0.010332781459323457";"L";
"23541.6270381";"Combustible usado (Hoy)";"0.010334";"L";
"23541.6270381";"Combustible usado (Semana)";"0.874552";"L";
"23541.6270381";"Combustible usado (total)";"2.6593189999999995";"L";
"23541.6270381";"Consumo instantáneo de combustible (l/h)";"6.015096449538721";"L/h";
"23541.6270381";"Coste de combustible";"0.010436109273916692";"€";
"23541.6270381";"Coste de combustible (Hoy)";"0.01043734";"€";
"23541.6270381";"Coste de combustible (Semana)";"0.8832975200000001";"€";
"23541.6270381";"Coste de combustible (total)";"2.6859121900000003";"€";
"23541.6270381";"Potencia instantánea del motor (basada en el consumo de combustible)";"23.53224771015615";"hp";
"23541.6270381";"Power from MAF";"21.516";"hp";
"23541.6270381";"Velocidad del flujo del aire MAF";"17.93";"g/sec";
"23541.7837505";"Revoluciones del motor";"2505";"rpm";
"23541.7837505";"Revoluciones del motor x1000";"2.5";"rpm";
"23542.0864397";"Presión absoluta en el colector de admisión";"6.236622734301";"psi";
"23542.0864397";"Sobrealimentación calculada";"-7.39692463836822";"psi";
"23542.2463781";"Combustible usado";"0.011391194616531545";"L";
"23542.2463781";"Combustible usado (Hoy)";"0.011392";"L";
"23542.2463781";"Combustible usado (Semana)";"0.87561";"L";
"23542.2463781";"Combustible usado (total)";"2.6603769999999995";"L";
"23542.2463781";"Consumo instantáneo de combustible (l/h)";"6.1559966452334365";"L/h";
"23542.2463781";"Coste de combustible";"0.01150510656269686";"€";
"23542.2463781";"Coste de combustible (Hoy)";"0.01150592";"€";
"23542.2463781";"Coste de combustible (Semana)";"0.8843661";"€";
"23542.2463781";"Coste de combustible (total)";"2.68698077";"€";
"23542.2463781";"Potencia instantánea del motor (basada en el consumo de combustible)";"24.083477160143072";"hp";
"23542.2463781";"Power from MAF";"22.02";"hp";
"23542.2463781";"Velocidad del flujo del aire MAF";"18.35";"g/sec";
"23542.3959209";"Revoluciones del motor";"2834";"rpm";
"23542.3959209";"Revoluciones del motor x1000";"2.8";"rpm";
"23542.6509602";"Presión absoluta en el colector de admisión";"5.9465472582870005";"psi";
"23542.6509602";"Sobrealimentación calculada";"-7.68700011438266";"psi";
"23542.8001058";"Combustible usado";"0.012416153466964869";"L";
"23542.8001058";"Combustible usado (Hoy)";"0.012417";"L";
"23542.8001058";"Combustible usado (Semana)";"0.876635";"L";
"23542.8001058";"Combustible usado (total)";"2.661402";"L";
"23542.8001058";"Consumo instantáneo de combustible (l/h)";"6.662566396421582";"L/h";
"23542.8001058";"Coste de combustible";"0.012540315001634517";"€";
"23542.8001058";"Coste de combustible (Hoy)";"0.012541169999999999";"€";
"23542.8001058";"Coste de combustible (Semana)";"0.8854013500000001";"€";
"23542.8001058";"Coste de combustible (total)";"2.68801602";"€";
"23542.8001058";"Potencia instantánea del motor (basada en el consumo de combustible)";"26.065278277953208";"hp";
"23542.8001058";"Power from MAF";"23.831999999999997";"hp";
"23542.8001058";"Velocidad del flujo del aire MAF";"19.86";"g/sec";
"23542.9581089";"Revoluciones del motor";"3085";"rpm";
"23542.9581089";"Revoluciones del motor x1000";"3.1";"rpm";
"23543.2682698";"Presión absoluta en el colector de admisión";"5.656471782273001";"psi";
"23543.2682698";"Sobrealimentación calculada";"-7.9770755903971";"psi";
"23543.4342296";"Combustible usado";"0.013077907726586525";"L";
"23543.4342296";"Combustible usado (Hoy)";"0.013079";"L";
"23543.4342296";"Combustible usado (Semana)";"0.877297";"L";
"23543.4342296";"Combustible usado (total)";"2.6620639999999995";"L";
"23543.4342296";"Consumo instantáneo de combustible (l/h)";"3.7573385518591005";"L/h";
"23543.4342296";"Coste de combustible";"0.01320868680385239";"€";
"23543.4342296";"Coste de combustible (Hoy)";"0.01320979";"€";
"23543.4342296";"Coste de combustible (Semana)";"0.8860699700000001";"€";
"23543.4342296";"Coste de combustible (total)";"2.68868464";"€";
"23543.4342296";"Potencia instantánea del motor (basada en el consumo de combustible)";"14.699451999651355";"hp";
"23543.4342296";"Power from MAF";"13.440000000000001";"hp";
"23543.4342296";"Velocidad del flujo del aire MAF";"11.200000000000001";"g/sec";
"23543.5910809";"Revoluciones del motor";"3075";"rpm";
"23543.5910809";"Revoluciones del motor x1000";"3.1";"rpm";
"23543.9122609";"Presión absoluta en el colector de admisión";"1.740452856084";"psi";
"23543.9122609";"Sobrealimentación calculada";"-11.89309451659204";"psi";
"23544.0685498";"Combustible usado";"0.013317436788649707";"L";
"23544.0685498";"Combustible usado (Hoy)";"0.013319";"L";
"23544.0685498";"Combustible usado (Semana)";"0.877537";"L";
"23544.0685498";"Combustible usado (total)";"2.662304";"L";
"23544.0685498";"Consumo instantáneo de combustible (l/h)";"1.3586804584847638";"L/h";
"23544.0685498";"Coste de combustible";"0.013450611156536204";"€";
"23544.0685498";"Coste de combustible (Hoy)";"0.01345219";"€";
"23544.0685498";"Coste de combustible (Semana)";"0.8863123700000001";"€";
"23544.0685498";"Coste de combustible (total)";"2.6889270400000003";"€";
"23544.0685498";"Potencia instantánea del motor (basada en el consumo de combustible)";"5.315426839159643";"hp";
"23544.0685498";"Power from MAF";"4.859999999999999";"hp";
"23544.0685498";"Velocidad del flujo del aire MAF";"4.05";"g/sec";
"23544.2138159";"Revoluciones del motor";"2514";"rpm";
"23544.2138159";"Revoluciones del motor x1000";"2.5";"rpm";
"23544.5118092";"Presión absoluta en el colector de admisión";"2.1755660701050004";"psi";
"23544.5118092";"Sobrealimentación calculada";"-11.45798130257038";"psi";
"23544.6644145";"Combustible usado";"0.01377652205209207";"L";
"23544.6644145";"Combustible usado (Hoy)";"0.013778";"L";
"23544.6644145";"Combustible usado (Semana)";"0.877996";"L";
"23544.6644145";"Combustible usado (total)";"2.6627629999999995";"L";
"23544.6644145";"Consumo instantáneo de combustible (l/h)";"2.774391948560246";"L/h";
"23544.6644145";"Coste de combustible";"0.01391428727261299";"€";
"23544.6644145";"Coste de combustible (Hoy)";"0.01391578";"€";
"23544.6644145";"Coste de combustible (Semana)";"0.8867759600000001";"€";
"23544.6644145";"Coste de combustible (total)";"2.68939063";"€";
"23544.6644145";"Potencia instantánea del motor (basada en el consumo de combustible)";"10.853970360456849";"hp";
"23544.6644145";"Power from MAF";"9.924";"hp";
"23544.6644145";"Velocidad del flujo del aire MAF";"8.27";"g/sec";
"23544.8343233";"Revoluciones del motor";"1791";"rpm";
"23544.8343233";"Revoluciones del motor x1000";"1.8";"rpm";
"23545.1468129";"Presión absoluta en el colector de admisión";"5.656471782273001";"psi";
"23545.1468129";"Sobrealimentación calculada";"-7.9770755903971";"psi";
"23545.2875489";"Combustible usado";"0.014270496425682603";"L";
"23545.2875489";"Combustible usado (Hoy)";"0.014272";"L";
"23545.2875489";"Combustible usado (Semana)";"0.87849";"L";
"23545.2875489";"Combustible usado (total)";"2.6632569999999998";"L";
"23545.2875489";"Consumo instantáneo de combustible (l/h)";"2.8549063461000843";"L/h";
"23545.2875489";"Coste de combustible";"0.014413201389939428";"€";
"23545.2875489";"Coste de combustible (Hoy)";"0.01441472";"€";
"23545.2875489";"Coste de combustible (Semana)";"0.8872749000000001";"€";
"23545.2875489";"Coste de combustible (total)";"2.68988957";"€";
"23545.2875489";"Potencia instantánea del motor (basada en el consumo de combustible)";"11.168958617592233";"hp";
"23545.2875489";"Power from MAF";"10.212";"hp";
"23545.2875489";"Velocidad del flujo del aire MAF";"8.51";"g/sec";
"23545.4539816";"Revoluciones del motor";"1797";"rpm";
"23545.4539816";"Revoluciones del motor x1000";"1.8";"rpm";
"23545.7712787";"Presión absoluta en el colector de admisión";"5.656471782273001";"psi";
"23545.7712787";"Sobrealimentación calculada";"-7.9770755903971";"psi";
"23545.9354406";"Combustible usado";"0.014663630175193365";"L";
"23545.9354406";"Combustible usado (Hoy)";"0.014665";"L";
"23545.9354406";"Combustible usado (Semana)";"0.8788830000000001";"L";
"23545.9354406";"Combustible usado (total)";"2.6636499999999996";"L";
"23545.9354406";"Consumo instantáneo de combustible (l/h)";"2.183953033268102";"L/h";
"23545.9354406";"Coste de combustible";"0.0148102664769453";"€";
"23545.9354406";"Coste de combustible (Hoy)";"0.014811649999999999";"€";
"23545.9354406";"Coste de combustible (Semana)";"0.88767183";"€";
"23545.9354406";"Coste de combustible (total)";"2.6902865";"€";
"23545.9354406";"Potencia instantánea del motor (basada en el consumo de combustible)";"8.54405647479735";"hp";
"23545.9354406";"Power from MAF";"7.811999999999999";"hp";
"23545.9354406";"Velocidad del flujo del aire MAF";"6.51";"g/sec";
"23546.1029255";"Revoluciones del motor";"1769";"rpm";
"23546.1029255";"Revoluciones del motor x1000";"1.8";"rpm";
"23546.4082175";"Presión absoluta en el colector de admisión";"1.740452856084";"psi";
"23546.4082175";"Sobrealimentación calculada";"-11.89309451659204";"psi";
"23546.5415584";"Combustible usado";"0.014795793139688753";"L";
"23546.5415584";"Combustible usado (Hoy)";"0.014797";"L";
"23546.5415584";"Combustible usado (Semana)";"0.879015";"L";
"23546.5415584";"Combustible usado (total)";"2.663782";"L";
"23546.5415584";"Consumo instantáneo de combustible (l/h)";"0.7850153760134191";"L/h";
"23546.5415584";"Coste de combustible";"0.01494375107108564";"€";
"23546.5415584";"Coste de combustible (Hoy)";"0.01494497";"€";
"23546.5415584";"Coste de combustible (Semana)";"0.88780515";"€";
"23546.5415584";"Coste de combustible (total)";"2.6904198200000002";"€";
"23546.5415584";"Potencia instantánea del motor (basada en el consumo de combustible)";"3.0711355070700153";"hp";
"23546.5415584";"Power from MAF";"2.808";"hp";
"23546.5415584";"Velocidad del flujo del aire MAF";"2.34";"g/sec";
"23546.711168";"Revoluciones del motor";"1734";"rpm";
"23546.711168";"Revoluciones del motor x1000";"1.7";"rpm";
"23547.0121215";"Presión absoluta en el colector de admisión";"1.740452856084";"psi";
"23547.0121215";"Sobrealimentación calculada";"-11.89309451659204";"psi";
"23547.1751073";"Combustible usado";"0.014933946469294569";"L";
"23547.1751073";"Combustible usado (Hoy)";"0.014935";"L";
"23547.1751073";"Combustible usado (Semana)";"0.8791530000000001";"L";
"23547.1751073";"Combustible usado (total)";"2.6639199999999996";"L";
"23547.1751073";"Consumo instantáneo de combustible (l/h)";"0.7850153760134191";"L/h";
"23547.1751073";"Coste de combustible";"0.015083285933987514";"€";
"23547.1751073";"Coste de combustible (Hoy)";"0.01508435";"€";
"23547.1751073";"Coste de combustible (Semana)";"0.8879445300000001";"€";
"23547.1751073";"Coste de combustible (total)";"2.6905592";"€";
"23547.1751073";"Potencia instantánea del motor (basada en el consumo de combustible)";"3.0711355070700153";"hp";
"23547.1751073";"Power from MAF";"2.808";"hp";
"23547.1751073";"Velocidad del flujo del aire MAF";"2.34";"g/sec";
"23547.3387461";"Revoluciones del motor";"1689";"rpm";
"23547.3387461";"Revoluciones del motor x1000";"1.7";"rpm";
"23547.6360083";"Presión absoluta en el colector de admisión";"1.740452856084";"psi";
"23547.6360083";"Sobrealimentación calculada";"-11.89309451659204";"psi";
"23547.7986354";"Combustible usado";"0.01506235754002423";"L";
"23547.7986354";"Combustible usado (Hoy)";"0.015063";"L";
"23547.7986354";"Combustible usado (Semana)";"0.8792810000000001";"L";
"23547.7986354";"Combustible usado (total)";"2.6640479999999997";"L";
"23547.7986354";"Consumo instantáneo de combustible (l/h)";"0.7414034106793403";"L/h";
"23547.7986354";"Coste de combustible";"0.015212981115424472";"€";
"23547.7986354";"Coste de combustible (Hoy)";"0.01521363";"€";
"23547.7986354";"Coste de combustible (Semana)";"0.8880738100000001";"€";
"23547.7986354";"Coste de combustible (total)";"2.69068848";"€";
"23547.7986354";"Potencia instantánea del motor (basada en el consumo de combustible)";"2.900516867788348";"hp";
"23547.7986354";"Power from MAF";"2.6519999999999997";"hp";
"23547.7986354";"Velocidad del flujo del aire MAF";"2.21";"g/sec";
"23547.9554311";"Revoluciones del motor";"1616";"rpm";
"23547.9554311";"Revoluciones del motor x1000";"1.6";"rpm";
"23548.2675242";"Presión absoluta en el colector de admisión";"1.740452856084";"psi";
"23548.2675242";"Sobrealimentación calculada";"-11.89309451659204";"psi";
"23548.4301665";"Combustible usado";"0.015181216704314604";"L";
"23548.4301665";"Combustible usado (Hoy)";"0.015182";"L";
"23548.4301665";"Combustible usado (Semana)";"0.8794000000000001";"L";
"23548.4301665";"Combustible usado (total)";"2.6641669999999995";"L";
"23548.4301665";"Consumo instantáneo de combustible (l/h)";"0.677662845960302";"L/h";
"23548.4301665";"Coste de combustible";"0.01533302887135775";"€";
"23548.4301665";"Coste de combustible (Hoy)";"0.01533382";"€";
"23548.4301665";"Coste de combustible (Semana)";"0.8881940000000002";"€";
"23548.4301665";"Coste de combustible (total)";"2.69080867";"€";
"23548.4301665";"Potencia instantánea del motor (basada en el consumo de combustible)";"2.6511511642228345";"hp";
"23548.4301665";"Power from MAF";"2.424";"hp";
"23548.4301665";"Velocidad del flujo del aire MAF";"2.02";"g/sec";
"23548.5646393";"Revoluciones del motor";"1545";"rpm";
"23548.5646393";"Revoluciones del motor x1000";"1.5";"rpm";
"23548.8662762";"Presión absoluta en el colector de admisión";"1.5954151180770002";"psi";
"23548.8662762";"Sobrealimentación calculada";"-12.03813225459926";"psi";
"23549.0357803";"Combustible usado";"0.015283384735812134";"L";
"23549.0357803";"Combustible usado (Hoy)";"0.015284";"L";
"23549.0357803";"Combustible usado (Semana)";"0.879502";"L";
"23549.0357803";"Combustible usado (total)";"2.6642689999999996";"L";
"23549.0357803";"Consumo instantáneo de combustible (l/h)";"0.6072127481129439";"L/h";
"23549.0357803";"Coste de combustible";"0.015436218583170255";"€";
"23549.0357803";"Coste de combustible (Hoy)";"0.01543684";"€";
"23549.0357803";"Coste de combustible (Semana)";"0.8882970200000001";"€";
"23549.0357803";"Coste de combustible (total)";"2.69091169";"€";
"23549.0357803";"Potencia instantánea del motor (basada en el consumo de combustible)";"2.375536439229371";"hp";
"23549.0357803";"Power from MAF";"2.172";"hp";
"23549.0357803";"Velocidad del flujo del aire MAF";"1.81";"g/sec";
"23549.2005902";"Revoluciones del motor";"1448";"rpm";
"23549.2005902";"Revoluciones del motor x1000";"1.4";"rpm";
"23549.5205496";"Presión absoluta en el colector de admisión";"3.045792498147";"psi";
"23549.5205496";"Sobrealimentación calculada";"-10.58775487452706";"psi";
"23549.6681871";"Combustible usado";"0.015622799405088064";"L";
"23549.6681871";"Combustible usado (Hoy)";"0.015623";"L";
"23549.6681871";"Combustible usado (Semana)";"0.8798410000000001";"L";
"23549.6681871";"Combustible usado (total)";"2.664608";"L";
"23549.6681871";"Consumo instantáneo de combustible (l/h)";"1.9323455409561086";"L/h";
"23549.6681871";"Coste de combustible";"0.015779027399138945";"€";
"23549.6681871";"Coste de combustible (Hoy)";"0.015779229999999998";"€";
"23549.6681871";"Coste de combustible (Semana)";"0.8886394100000001";"€";
"23549.6681871";"Coste de combustible (total)";"2.69125408";"€";
"23549.6681871";"Potencia instantánea del motor (basada en el consumo de combustible)";"7.559718171249269";"hp";
"23549.6681871";"Power from MAF";"6.912";"hp";
"23549.6681871";"Velocidad del flujo del aire MAF";"5.76";"g/sec";
"23549.8161194";"Revoluciones del motor";"1440";"rpm";
"23549.8161194";"Revoluciones del motor x1000";"1.4";"rpm";
"23550.0951726";"Presión absoluta en el colector de admisión";"4.931283092238";"psi";
"23550.0951726";"Sobrealimentación calculada";"-8.7022642804332";"psi";
"23550.251619";"Combustible usado";"0.016109865539465102";"L";
"23550.251619";"Combustible usado (Hoy)";"0.01611";"L";
"23550.251619";"Combustible usado (Semana)";"0.880328";"L";
"23550.251619";"Combustible usado (total)";"2.6650949999999995";"L";
"23550.251619";"Consumo instantáneo de combustible (l/h)";"3.0058708414872806";"L/h";
"23550.251619";"Coste de combustible";"0.016270964194859752";"€";
"23550.251619";"Coste de combustible (Hoy)";"0.0162711";"€";
"23550.251619";"Coste de combustible (Semana)";"0.8891312800000001";"€";
"23550.251619";"Coste de combustible (total)";"2.69174595";"€";
"23550.251619";"Potencia instantánea del motor (basada en el consumo de combustible)";"11.759561599721087";"hp";
"23550.251619";"Power from MAF";"10.752";"hp";
"23550.251619";"Velocidad del flujo del aire MAF";"8.96";"g/sec";
"23550.4037944";"Revoluciones del motor";"1531";"rpm";
"23550.4037944";"Revoluciones del motor x1000";"1.5";"rpm";
"23550.6992216";"Presión absoluta en el colector de admisión";"7.396924638357";"psi";
"23550.6992216";"Sobrealimentación calculada";"-6.23662273431046";"psi";
"23550.8678508";"Combustible usado";"0.016901921195042403";"L";
"23550.8678508";"Combustible usado (Hoy)";"0.016902";"L";
"23550.8678508";"Combustible usado (Semana)";"0.88112";"L";
"23550.8678508";"Combustible usado (total)";"2.6658869999999997";"L";
"23550.8678508";"Consumo instantáneo de combustible (l/h)";"4.6262230919765175";"L/h";
"23550.8678508";"Coste de combustible";"0.017070940406992828";"€";
"23550.8678508";"Coste de combustible (Hoy)";"0.01707102";"€";
"23550.8678508";"Coste de combustible (Semana)";"0.8899312000000001";"€";
"23550.8678508";"Coste de combustible (total)";"2.69254587";"€";
"23550.8678508";"Potencia instantánea del motor (basada en el consumo de combustible)";"18.098700274570735";"hp";
"23550.8678508";"Power from MAF";"16.548000000000002";"hp";
"23550.8678508";"Velocidad del flujo del aire MAF";"13.790000000000001";"g/sec";
"23551.0221624";"Revoluciones del motor";"1653";"rpm";
"23551.0221624";"Revoluciones del motor x1000";"1.7";"rpm";
"23551.334199";"Presión absoluta en el colector de admisión";"6.6717359483220005";"psi";
"23551.334199";"Sobrealimentación calculada";"-6.9618114243465605";"psi";
"23551.4915036";"Combustible usado";"0.017726061843630604";"L";
"23551.4915036";"Combustible usado (Hoy)";"0.017726";"L";
"23551.4915036";"Combustible usado (Semana)";"0.8819440000000001";"L";
"23551.4915036";"Combustible usado (total)";"2.666711";"L";
"23551.4915036";"Consumo instantáneo de combustible (l/h)";"4.757058987978754";"L/h";
"23551.4915036";"Coste de combustible";"0.017903322462066912";"€";
"23551.4915036";"Coste de combustible (Hoy)";"0.017903259999999997";"€";
"23551.4915036";"Coste de combustible (Semana)";"0.8907634400000001";"€";
"23551.4915036";"Coste de combustible (total)";"2.6933781100000003";"€";
"23551.4915036";"Potencia instantánea del motor (basada en el consumo de combustible)";"18.610556192415732";"hp";
"23551.4915036";"Power from MAF";"17.016";"hp";
"23551.4915036";"Velocidad del flujo del aire MAF";"14.18";"g/sec";
"23551.6485542";"Revoluciones del motor";"1786";"rpm";
"23551.6485542";"Revoluciones del motor x1000";"1.8";"rpm";
"23551.9635566";"Presión absoluta en el colector de admisión";"7.541962376364";"psi";
"23551.9635566";"Sobrealimentación calculada";"-6.09158499630324";"psi";
"23552.1228191";"Combustible usado";"0.01881986584530799";"L";
"23552.1228191";"Combustible usado (Hoy)";"0.01882";"L";
"23552.1228191";"Combustible usado (Semana)";"0.883038";"L";
"23552.1228191";"Combustible usado (total)";"2.6678049999999995";"L";
"23552.1228191";"Consumo instantáneo de combustible (l/h)";"6.236511042773275";"L/h";
"23552.1228191";"Coste de combustible";"0.01900806450376107";"€";
"23552.1228191";"Coste de combustible (Hoy)";"0.0190082";"€";
"23552.1228191";"Coste de combustible (Semana)";"0.8918683800000001";"€";
"23552.1228191";"Coste de combustible (total)";"2.69448305";"€";
"23552.1228191";"Potencia instantánea del motor (basada en el consumo de combustible)";"24.398465417278455";"hp";
"23552.1228191";"Power from MAF";"22.308";"hp";
"23552.1228191";"Velocidad del flujo del aire MAF";"18.59";"g/sec";
"23552.2800449";"Revoluciones del motor";"1946";"rpm";
"23552.2800449";"Revoluciones del motor x1000";"1.9";"rpm";
"23552.6077785";"Presión absoluta en el colector de admisión";"7.396924638357";"psi";
"23552.6077785";"Sobrealimentación calculada";"-6.23662273431046";"psi";
"23552.7740216";"Combustible usado";"0.01997371163731246";"L";
"23552.7740216";"Combustible usado (Hoy)";"0.019974";"L";
"23552.7740216";"Combustible usado (Semana)";"0.8841920000000001";"L";
"23552.7740216";"Combustible usado (total)";"2.6689589999999996";"L";
"23552.7740216";"Consumo instantáneo de combustible (l/h)";"6.38076600503215";"L/h";
"23552.7740216";"Coste de combustible";"0.020173448753685586";"€";
"23552.7740216";"Coste de combustible (Hoy)";"0.02017374";"€";
"23552.7740216";"Coste de combustible (Semana)";"0.8930339200000001";"€";
"23552.7740216";"Coste de combustible (total)";"2.6956485900000002";"€";
"23552.7740216";"Potencia instantánea del motor (basada en el consumo de combustible)";"24.962819377979354";"hp";
"23552.7740216";"Power from MAF";"22.823999999999998";"hp";
"23552.7740216";"Velocidad del flujo del aire MAF";"19.02";"g/sec";
"23552.9406037";"Revoluciones del motor";"2092";"rpm";
"23552.9406037";"Revoluciones del motor x1000";"2.1";"rpm";
"23553.2597379";"Presión absoluta en el colector de admisión";"6.816773686329";"psi";
"23553.2597379";"Sobrealimentación calculada";"-6.81677368633934";"psi";
"23553.3987689";"Combustible usado";"0.021021679151989565";"L";
"23553.3987689";"Combustible usado (Hoy)";"0.021022";"L";
"23553.3987689";"Combustible usado (Semana)";"0.88524";"L";
"23553.3987689";"Combustible usado (total)";"2.6700069999999996";"L";
"23553.3987689";"Consumo instantáneo de combustible (l/h)";"6.038579815487839";"L/h";
"23553.3987689";"Coste de combustible";"0.021231895943509462";"€";
"23553.3987689";"Coste de combustible (Hoy)";"0.02123222";"€";
"23553.3987689";"Coste de combustible (Semana)";"0.8940924000000001";"€";
"23553.3987689";"Coste de combustible (total)";"2.69670707";"€";
"23553.3987689";"Potencia instantánea del motor (basada en el consumo de combustible)";"23.62411928515397";"hp";
"23553.3987689";"Power from MAF";"21.599999999999998";"hp";
"23553.3987689";"Velocidad del flujo del aire MAF";"18";"g/sec";
"23553.5622237";"Revoluciones del motor";"2220";"rpm";
"23553.5622237";"Revoluciones del motor x1000";"2.2";"rpm";
"23553.8462237";"Presión absoluta en el colector de admisión";"6.961811424336";"psi";
"23553.8462237";"Sobrealimentación calculada";"-6.67173594833212";"psi";
"23553.9981929";"Combustible usado";"0.02212905400615041";"L";
"23553.9981929";"Combustible usado (Hoy)";"0.022129";"L";
"23553.9981929";"Combustible usado (Semana)";"0.886347";"L";
"23553.9981929";"Combustible usado (total)";"2.6711139999999998";"L";
"23553.9981929";"Consumo instantáneo de combustible (l/h)";"6.6491473301649435";"L/h";
"23553.9981929";"Coste de combustible";"0.022350344546211914";"€";
"23553.9981929";"Coste de combustible (Hoy)";"0.02235029";"€";
"23553.9981929";"Coste de combustible (Semana)";"0.8952104700000001";"€";
"23553.9981929";"Coste de combustible (total)";"2.69782514";"€";
"23553.9981929";"Potencia instantánea del motor (basada en el consumo de combustible)";"26.012780235097313";"hp";
"23553.9981929";"Power from MAF";"23.784";"hp";
"23553.9981929";"Velocidad del flujo del aire MAF";"19.82";"g/sec";
"23554.1546209";"Revoluciones del motor";"2343";"rpm";
"23554.1546209";"Revoluciones del motor x1000";"2.3";"rpm";
"23554.4503762";"Presión absoluta en el colector de admisión";"7.106849162343001";"psi";
"23554.4503762";"Sobrealimentación calculada";"-6.5266982103249";"psi";
"23554.6062369";"Combustible usado";"0.023193403812133077";"L";
"23554.6062369";"Combustible usado (Hoy)";"0.023193";"L";
"23554.6062369";"Combustible usado (Semana)";"0.8874110000000001";"L";
"23554.6062369";"Combustible usado (total)";"2.6721779999999997";"L";
"23554.6062369";"Consumo instantáneo de combustible (l/h)";"6.300251607492312";"L/h";
"23554.6062369";"Coste de combustible";"0.02342533785025441";"€";
"23554.6062369";"Coste de combustible (Hoy)";"0.02342493";"€";
"23554.6062369";"Coste de combustible (Semana)";"0.8962851100000001";"€";
"23554.6062369";"Coste de combustible (total)";"2.69889978";"€";
"23554.6062369";"Potencia instantánea del motor (basada en el consumo de combustible)";"24.647831120843975";"hp";
"23554.6062369";"Power from MAF";"22.536";"hp";
"23554.6062369";"Velocidad del flujo del aire MAF";"18.78";"g/sec";
"23554.7591904";"Revoluciones del motor";"2460";"rpm";
"23554.7591904";"Revoluciones del motor x1000";"2.5";"rpm";
"23555.0496336";"Presión absoluta en el colector de admisión";"6.526698210315001";"psi";
"23555.0496336";"Sobrealimentación calculada";"-7.10684916235378";"psi";
"23555.1938809";"Combustible usado";"0.024016386506197005";"L";
"23555.1938809";"Combustible usado (Hoy)";"0.024016";"L";
"23555.1938809";"Combustible usado (Semana)";"0.8882340000000001";"L";
"23555.1938809";"Combustible usado (total)";"2.6730009999999997";"L";
"23555.1938809";"Consumo instantáneo de combustible (l/h)";"5.048923679060667";"L/h";
"23555.1938809";"Coste de combustible";"0.024256550371258977";"€";
"23555.1938809";"Coste de combustible (Hoy)";"0.02425616";"€";
"23555.1938809";"Coste de combustible (Semana)";"0.8971163400000001";"€";
"23555.1938809";"Coste de combustible (total)";"2.6997310100000003";"€";
"23555.1938809";"Potencia instantánea del motor (basada en el consumo de combustible)";"19.752388624531513";"hp";
"23555.1938809";"Power from MAF";"18.06";"hp";
"23555.1938809";"Velocidad del flujo del aire MAF";"15.05";"g/sec";
"23555.3139519";"Revoluciones del motor";"2542";"rpm";
"23555.3139519";"Revoluciones del motor x1000";"2.5";"rpm";
"23555.6074258";"Presión absoluta en el colector de admisión";"5.656471782273001";"psi";
"23555.6074258";"Sobrealimentación calculada";"-7.9770755903971";"psi";
"23555.7589489";"Combustible usado";"0.024758912530798628";"L";
"23555.7589489";"Combustible usado (Hoy)";"0.024759";"L";
"23555.7589489";"Combustible usado (Semana)";"0.888977";"L";
"23555.7589489";"Combustible usado (total)";"2.6737439999999997";"L";
"23555.7589489";"Consumo instantáneo de combustible (l/h)";"4.7302208554654745";"L/h";
"23555.7589489";"Coste de combustible";"0.025006501656106614";"€";
"23555.7589489";"Coste de combustible (Hoy)";"0.02500659";"€";
"23555.7589489";"Coste de combustible (Semana)";"0.8978667700000001";"€";
"23555.7589489";"Coste de combustible (total)";"2.70048144";"€";
"23555.7589489";"Potencia instantánea del motor (basada en el consumo de combustible)";"18.505560106703943";"hp";
"23555.7589489";"Power from MAF";"16.919999999999998";"hp";
"23555.7589489";"Velocidad del flujo del aire MAF";"14.1";"g/sec";
"23555.9234772";"Revoluciones del motor";"2612";"rpm";
"23555.9234772";"Revoluciones del motor x1000";"2.6";"rpm";
"23556.2277499";"Presión absoluta en el colector de admisión";"5.366396306259";"psi";
"23556.2277499";"Sobrealimentación calculada";"-8.26715106641154";"psi";
"23556.3876839";"Combustible usado";"0.02528682052977356";"L";
"23556.3876839";"Combustible usado (Hoy)";"0.025287";"L";
"23556.3876839";"Combustible usado (Semana)";"0.889505";"L";
"23556.3876839";"Combustible usado (total)";"2.6742719999999998";"L";
"23556.3876839";"Consumo instantáneo de combustible (l/h)";"3.0226446743080797";"L/h";
"23556.3876839";"Coste de combustible";"0.025539688735071297";"€";
"23556.3876839";"Coste de combustible (Hoy)";"0.02553987";"€";
"23556.3876839";"Coste de combustible (Semana)";"0.8984000500000001";"€";
"23556.3876839";"Coste de combustible (total)";"2.70101472";"€";
"23556.3876839";"Potencia instantánea del motor (basada en el consumo de combustible)";"11.82518415329096";"hp";
"23556.3876839";"Power from MAF";"10.812";"hp";
"23556.3876839";"Velocidad del flujo del aire MAF";"9.01";"g/sec";
"23556.5400138";"Revoluciones del motor";"2627";"rpm";
"23556.5400138";"Revoluciones del motor x1000";"2.6";"rpm";
"23556.8476451";"Presión absoluta en el colector de admisión";"2.755717022133";"psi";
"23556.8476451";"Sobrealimentación calculada";"-10.8778303505415";"psi";
"23556.9959482";"Combustible usado";"0.02563315042968969";"L";
"23556.9959482";"Combustible usado (Hoy)";"0.025633";"L";
"23556.9959482";"Combustible usado (Semana)";"0.8898510000000001";"L";
"23556.9959482";"Combustible usado (total)";"2.6746179999999997";"L";
"23556.9959482";"Consumo instantáneo de combustible (l/h)";"2.0497623707017056";"L/h";
"23556.9959482";"Coste de combustible";"0.02588948193398659";"€";
"23556.9959482";"Coste de combustible (Hoy)";"0.02588933";"€";
"23556.9959482";"Coste de combustible (Semana)";"0.8987495100000001";"€";
"23556.9959482";"Coste de combustible (total)";"2.70136418";"€";
"23556.9959482";"Potencia instantánea del motor (basada en el consumo de combustible)";"8.019076046238373";"hp";
"23556.9959482";"Power from MAF";"7.332";"hp";
"23556.9959482";"Velocidad del flujo del aire MAF";"6.11";"g/sec";
"23557.1484542";"Revoluciones del motor";"2604";"rpm";
"23557.1484542";"Revoluciones del motor x1000";"2.6";"rpm";
"23557.4181603";"Presión absoluta en el colector de admisión";"2.755717022133";"psi";
"23557.4181603";"Sobrealimentación calculada";"-10.8778303505415";"psi";
"23557.5681443";"Combustible usado";"0.025955852614947355";"L";
"23557.5681443";"Combustible usado (Hoy)";"0.025956";"L";
"23557.5681443";"Combustible usado (Semana)";"0.890174";"L";
"23557.5681443";"Combustible usado (total)";"2.6749409999999996";"L";
"23557.5681443";"Consumo instantáneo de combustible (l/h)";"2.029633771316746";"L/h";
"23557.5681443";"Coste de combustible";"0.02621541114109683";"€";
"23557.5681443";"Coste de combustible (Hoy)";"0.02621556";"€";
"23557.5681443";"Coste de combustible (Semana)";"0.8990757400000001";"€";
"23557.5681443";"Coste de combustible (total)";"2.70169041";"€";
"23557.5681443";"Potencia instantánea del motor (basada en el consumo de combustible)";"7.9403289819545275";"hp";
"23557.5681443";"Power from MAF";"7.26";"hp";
"23557.5681443";"Velocidad del flujo del aire MAF";"6.05";"g/sec";
"23557.7139388";"Revoluciones del motor";"2601";"rpm";
"23557.7139388";"Revoluciones del motor x1000";"2.6";"rpm";
"23558.0092445";"Presión absoluta en el colector de admisión";"2.9007547601400003";"psi";
"23558.0092445";"Sobrealimentación calculada";"-10.732792612534281";"psi";
"23558.1576714";"Combustible usado";"0.02628753737722487";"L";
"23558.1576714";"Combustible usado (Hoy)";"0.026288";"L";
"23558.1576714";"Combustible usado (Semana)";"0.890506";"L";
"23558.1576714";"Combustible usado (total)";"2.675273";"L";
"23558.1576714";"Consumo instantáneo de combustible (l/h)";"2.026279004752586";"L/h";
"23558.1576714";"Coste de combustible";"0.026550412750997118";"€";
"23558.1576714";"Coste de combustible (Hoy)";"0.02655088";"€";
"23558.1576714";"Coste de combustible (Semana)";"0.89941106";"€";
"23558.1576714";"Coste de combustible (total)";"2.70202573";"€";
"23558.1576714";"Potencia instantánea del motor (basada en el consumo de combustible)";"7.927204471240552";"hp";
"23558.1576714";"Power from MAF";"7.247999999999999";"hp";
"23558.1576714";"Velocidad del flujo del aire MAF";"6.04";"g/sec";
"23558.3190756";"Revoluciones del motor";"2599";"rpm";
"23558.3190756";"Revoluciones del motor x1000";"2.6";"rpm";
"23558.6095009";"Presión absoluta en el colector de admisión";"1.740452856084";"psi";
"23558.6095009";"Sobrealimentación calculada";"-11.89309451659204";"psi";
"23558.7542332";"Combustible usado";"0.026484934579722307";"L";
"23558.7542332";"Combustible usado (Hoy)";"0.026485";"L";
"23558.7542332";"Combustible usado (Semana)";"0.890703";"L";
"23558.7542332";"Combustible usado (total)";"2.67547";"L";
"23558.7542332";"Consumo instantáneo de combustible (l/h)";"1.1909421302767684";"L/h";
"23558.7542332";"Coste de combustible";"0.02674978392551953";"€";
"23558.7542332";"Coste de combustible (Hoy)";"0.026749850000000002";"€";
"23558.7542332";"Coste de combustible (Semana)";"0.8996100300000001";"€";
"23558.7542332";"Coste de combustible (total)";"2.7022247";"€";
"23558.7542332";"Potencia instantánea del motor (basada en el consumo de combustible)";"4.6592013034609225";"hp";
"23558.7542332";"Power from MAF";"4.26";"hp";
"23558.7542332";"Velocidad del flujo del aire MAF";"3.5500000000000003";"g/sec";
"23558.902223";"Revoluciones del motor";"2568";"rpm";
"23558.902223";"Revoluciones del motor x1000";"2.6";"rpm";
"23559.2074643";"Presión absoluta en el colector de admisión";"1.740452856084";"psi";
"23559.2074643";"Sobrealimentación calculada";"-11.89309451659204";"psi";
"23559.3623603";"Combustible usado";"0.026708781201192813";"L";
"23559.3623603";"Combustible usado (Hoy)";"0.026709";"L";
"23559.3623603";"Combustible usado (Semana)";"0.890927";"L";
"23559.3623603";"Combustible usado (total)";"2.6756939999999996";"L";
"23559.3623603";"Consumo instantáneo de combustible (l/h)";"1.3251327928431649";"L/h";
"23559.3623603";"Coste de combustible";"0.026975869013204742";"€";
"23559.3623603";"Coste de combustible (Hoy)";"0.02697609";"€";
"23559.3623603";"Coste de combustible (Semana)";"0.8998362700000001";"€";
"23559.3623603";"Coste de combustible (total)";"2.70245094";"€";
"23559.3623603";"Potencia instantánea del motor (basada en el consumo de combustible)";"5.1841817320198995";"hp";
"23559.3623603";"Power from MAF";"4.74";"hp";
"23559.3623603";"Velocidad del flujo del aire MAF";"3.95";"g/sec";
"23559.5198296";"Revoluciones del motor";"2556";"rpm";
"23559.5198296";"Revoluciones del motor x1000";"2.6";"rpm";
"23559.8193043";"Presión absoluta en el colector de admisión";"1.740452856084";"psi";
"23559.8193043";"Sobrealimentación calculada";"-11.89309451659204";"psi";
"23559.9715816";"Combustible usado";"0.02690750024881186";"L";
"23559.9715816";"Combustible usado (Hoy)";"0.026908";"L";
"23559.9715816";"Combustible usado (Semana)";"0.8911260000000001";"L";
"23559.9715816";"Combustible usado (total)";"2.675893";"L";
"23559.9715816";"Consumo instantáneo de combustible (l/h)";"1.1741682974559688";"L/h";
"23559.9715816";"Coste de combustible";"0.02717657525129998";"€";
"23559.9715816";"Coste de combustible (Hoy)";"0.027177080000000003";"€";
"23559.9715816";"Coste de combustible (Semana)";"0.9000372600000001";"€";
"23559.9715816";"Coste de combustible (total)";"2.70265193";"€";
"23559.9715816";"Potencia instantánea del motor (basada en el consumo de combustible)";"4.593578749891049";"hp";
"23559.9715816";"Power from MAF";"4.2";"hp";
"23559.9715816";"Velocidad del flujo del aire MAF";"3.5";"g/sec";
"23560.1265057";"Revoluciones del motor";"2545";"rpm";
"23560.1265057";"Revoluciones del motor x1000";"2.5";"rpm";
"23560.4357941";"Presión absoluta en el colector de admisión";"1.885490594091";"psi";
"23560.4357941";"Sobrealimentación calculada";"-11.74805677858482";"psi";
"23560.579764";"Combustible usado";"0.02710412336389899";"L";
"23560.579764";"Combustible usado (Hoy)";"0.027105";"L";
"23560.579764";"Combustible usado (Semana)";"0.8913230000000001";"L";
"23560.579764";"Combustible usado (total)";"2.67609";"L";
"23560.579764";"Consumo instantáneo de combustible (l/h)";"1.164103997763489";"L/h";
"23560.579764";"Coste de combustible";"0.02737516459753798";"€";
"23560.579764";"Coste de combustible (Hoy)";"0.027376050000000002";"€";
"23560.579764";"Coste de combustible (Semana)";"0.9002362300000001";"€";
"23560.579764";"Coste de combustible (total)";"2.7028509";"€";
"23560.579764";"Potencia instantánea del motor (basada en el consumo de combustible)";"4.554205217749125";"hp";
"23560.579764";"Power from MAF";"4.164";"hp";
"23560.579764";"Velocidad del flujo del aire MAF";"3.47";"g/sec";
"23560.7350332";"Revoluciones del motor";"2452";"rpm";
"23560.7350332";"Revoluciones del motor x1000";"2.5";"rpm";
"23561.0395595";"Presión absoluta en el colector de admisión";"1.740452856084";"psi";
"23561.0395595";"Sobrealimentación calculada";"-11.89309451659204";"psi";
"23561.1924419";"Combustible usado";"0.027298854447022652";"L";
"23561.1924419";"Combustible usado (Hoy)";"0.0273";"L";
"23561.1924419";"Combustible usado (Semana)";"0.891518";"L";
"23561.1924419";"Combustible usado (total)";"2.6762849999999996";"L";
"23561.1924419";"Consumo instantáneo de combustible (l/h)";"1.1439753983785297";"L/h";
"23561.1924419";"Coste de combustible";"0.02757184299149288";"€";
"23561.1924419";"Coste de combustible (Hoy)";"0.027573";"€";
"23561.1924419";"Coste de combustible (Semana)";"0.90043318";"€";
"23561.1924419";"Coste de combustible (total)";"2.70304785";"€";
"23561.1924419";"Potencia instantánea del motor (basada en el consumo de combustible)";"4.475458153465279";"hp";
"23561.1924419";"Power from MAF";"4.092";"hp";
"23561.1924419";"Velocidad del flujo del aire MAF";"3.41";"g/sec";
"23561.3520006";"Revoluciones del motor";"2406";"rpm";
"23561.3520006";"Revoluciones del motor x1000";"2.4";"rpm";
"23561.6438852";"Presión absoluta en el colector de admisión";"1.885490594091";"psi";
"23561.6438852";"Sobrealimentación calculada";"-11.74805677858482";"psi";
"23561.8039277";"Combustible usado";"0.02748801580160284";"L";
"23561.8039277";"Combustible usado (Hoy)";"0.027489";"L";
"23561.8039277";"Combustible usado (Semana)";"0.891707";"L";
"23561.8039277";"Combustible usado (total)";"2.676474";"L";
"23561.8039277";"Consumo instantáneo de combustible (l/h)";"1.1137824993010905";"L/h";
"23561.8039277";"Coste de combustible";"0.02776289595961887";"€";
"23561.8039277";"Coste de combustible (Hoy)";"0.02776389";"€";
"23561.8039277";"Coste de combustible (Semana)";"0.9006240700000001";"€";
"23561.8039277";"Coste de combustible (total)";"2.70323874";"€";
"23561.8039277";"Potencia instantánea del motor (basada en el consumo de combustible)";"4.357337557039509";"hp";
"23561.8039277";"Power from MAF";"3.984";"hp";
"23561.8039277";"Velocidad del flujo del aire MAF";"3.3200000000000003";"g/sec";
"23561.9626584";"Revoluciones del motor";"2373";"rpm";
"23561.9626584";"Revoluciones del motor x1000";"2.4";"rpm";
"23562.2464483";"Presión absoluta en el colector de admisión";"1.885490594091";"psi";
"23562.2464483";"Sobrealimentación calculada";"-11.74805677858482";"psi";
"23562.3956012";"Combustible usado";"0.027672724643276497";"L";
"23562.3956012";"Combustible usado (Hoy)";"0.027674";"L";
"23562.3956012";"Combustible usado (Semana)";"0.891892";"L";
"23562.3956012";"Combustible usado (total)";"2.676659";"L";
"23562.3956012";"Consumo instantáneo de combustible (l/h)";"1.12384679899357";"L/h";
"23562.3956012";"Coste de combustible";"0.02794945188970926";"€";
"23562.3956012";"Coste de combustible (Hoy)";"0.02795074";"€";
"23562.3956012";"Coste de combustible (Semana)";"0.9008109200000001";"€";
"23562.3956012";"Coste de combustible (total)";"2.70342559";"€";
"23562.3956012";"Potencia instantánea del motor (basada en el consumo de combustible)";"4.396711089181432";"hp";
"23562.3956012";"Power from MAF";"4.02";"hp";
"23562.3956012";"Velocidad del flujo del aire MAF";"3.35";"g/sec";
"23562.5308872";"Revoluciones del motor";"2327";"rpm";
"23562.5308872";"Revoluciones del motor x1000";"2.3";"rpm";
"23562.8387942";"Presión absoluta en el colector de admisión";"1.885490594091";"psi";
"23562.8387942";"Sobrealimentación calculada";"-11.74805677858482";"psi";
"23563.0032412";"Combustible usado";"0.027852230036343312";"L";
"23563.0032412";"Combustible usado (Hoy)";"0.027854";"L";
"23563.0032412";"Combustible usado (Semana)";"0.8920720000000001";"L";
"23563.0032412";"Combustible usado (total)";"2.6768389999999997";"L";
"23563.0032412";"Consumo instantáneo de combustible (l/h)";"1.0634610008386918";"L/h";
"23563.0032412";"Coste de combustible";"0.028130752336706744";"€";
"23563.0032412";"Coste de combustible (Hoy)";"0.02813254";"€";
"23563.0032412";"Coste de combustible (Semana)";"0.9009927200000001";"€";
"23563.0032412";"Coste de combustible (total)";"2.70360739";"€";
"23563.0032412";"Potencia instantánea del motor (basada en el consumo de combustible)";"4.160469896329893";"hp";
"23563.0032412";"Power from MAF";"3.804";"hp";
"23563.0032412";"Velocidad del flujo del aire MAF";"3.17";"g/sec";
"23563.1337962";"Revoluciones del motor";"2321";"rpm";
"23563.1337962";"Revoluciones del motor x1000";"2.3";"rpm";
"23563.4479129";"Presión absoluta en el colector de admisión";"1.885490594091";"psi";
"23563.4479129";"Sobrealimentación calculada";"-11.74805677858482";"psi";
"23563.6317071";"Combustible usado";"0.028035543411331663";"L";
"23563.6317071";"Combustible usado (Hoy)";"0.028037";"L";
"23563.6317071";"Combustible usado (Semana)";"0.892255";"L";
"23563.6317071";"Combustible usado (total)";"2.6770219999999996";"L";
"23563.6317071";"Consumo instantáneo de combustible (l/h)";"1.0500419345820522";"L/h";
"23563.6317071";"Coste de combustible";"0.02831589884544498";"€";
"23563.6317071";"Coste de combustible (Hoy)";"0.028317369999999998";"€";
"23563.6317071";"Coste de combustible (Semana)";"0.9011775500000001";"€";
"23563.6317071";"Coste de combustible (total)";"2.70379222";"€";
"23563.6317071";"Potencia instantánea del motor (basada en el consumo de combustible)";"4.107971853473995";"hp";
"23563.6317071";"Power from MAF";"3.756";"hp";
"23563.6317071";"Velocidad del flujo del aire MAF";"3.13";"g/sec";
"23563.7849862";"Revoluciones del motor";"2276";"rpm";
"23563.7849862";"Revoluciones del motor x1000";"2.3";"rpm";
"23564.0938984";"Presión absoluta en el colector de admisión";"1.740452856084";"psi";
"23564.0938984";"Sobrealimentación calculada";"-11.89309451659204";"psi";
"23564.2425157";"Combustible usado";"0.02821367978790421";"L";
"23564.2425157";"Combustible usado (Hoy)";"0.028215";"L";
"23564.2425157";"Combustible usado (Semana)";"0.892433";"L";
"23564.2425157";"Combustible usado (total)";"2.6771999999999996";"L";
"23564.2425157";"Consumo instantáneo de combustible (l/h)";"1.0500419345820522";"L/h";
"23564.2425157";"Coste de combustible";"0.028495816585783252";"€";
"23564.2425157";"Coste de combustible (Hoy)";"0.028497150000000002";"€";
"23564.2425157";"Coste de combustible (Semana)";"0.9013573300000001";"€";
"23564.2425157";"Coste de combustible (total)";"2.7039720000000003";"€";
"23564.2425157";"Potencia instantánea del motor (basada en el consumo de combustible)";"4.107971853473995";"hp";
"23564.2425157";"Power from MAF";"3.756";"hp";
"23564.2425157";"Velocidad del flujo del aire MAF";"3.13";"g/sec";
"23564.3942926";"Revoluciones del motor";"2226";"rpm";
"23564.3942926";"Revoluciones del motor x1000";"2.2";"rpm";
"23564.6741117";"Presión absoluta en el colector de admisión";"1.740452856084";"psi";
"23564.6741117";"Sobrealimentación calculada";"-11.89309451659204";"psi";
"23564.8363301";"Combustible usado";"0.028384682420836835";"L";
"23564.8363301";"Combustible usado (Hoy)";"0.028386";"L";
"23564.8363301";"Combustible usado (Semana)";"0.8926040000000001";"L";
"23564.8363301";"Combustible usado (total)";"2.6773709999999995";"L";
"23564.8363301";"Consumo instantáneo de combustible (l/h)";"1.0366228683254124";"L/h";
"23564.8363301";"Coste de combustible";"0.028668529245045205";"€";
"23564.8363301";"Coste de combustible (Hoy)";"0.028669860000000002";"€";
"23564.8363301";"Coste de combustible (Semana)";"0.9015300400000001";"€";
"23564.8363301";"Coste de combustible (total)";"2.70414471";"€";
"23564.8363301";"Potencia instantánea del motor (basada en el consumo de combustible)";"4.055473810618097";"hp";
"23564.8363301";"Power from MAF";"3.7079999999999997";"hp";
"23564.8363301";"Velocidad del flujo del aire MAF";"3.09";"g/sec";
"23564.9921096";"Revoluciones del motor";"2196";"rpm";
"23564.9921096";"Revoluciones del motor x1000";"2.2";"rpm";
"23565.251263";"Presión absoluta en el colector de admisión";"2.1755660701050004";"psi";
"23565.251263";"Sobrealimentación calculada";"-11.45798130257038";"psi";
"23565.4121222";"Combustible usado";"0.028944762882676365";"L";
"23565.4121222";"Combustible usado (Hoy)";"0.028946";"L";
"23565.4121222";"Combustible usado (Semana)";"0.8931640000000001";"L";
"23565.4121222";"Combustible usado (total)";"2.6779309999999996";"L";
"23565.4121222";"Consumo instantáneo de combustible (l/h)";"3.5023762929829467";"L/h";
"23565.4121222";"Coste de combustible";"0.029234210511503128";"€";
"23565.4121222";"Coste de combustible (Hoy)";"0.02923546";"€";
"23565.4121222";"Coste de combustible (Semana)";"0.9020956400000001";"€";
"23565.4121222";"Coste de combustible (total)";"2.7047103100000003";"€";
"23565.4121222";"Potencia instantánea del motor (basada en el consumo de combustible)";"13.701989185389298";"hp";
"23565.4121222";"Power from MAF";"12.527999999999999";"hp";
"23565.4121222";"Velocidad del flujo del aire MAF";"10.44";"g/sec";
"23565.5677898";"Revoluciones del motor";"2172";"rpm";
"23565.5677898";"Revoluciones del motor x1000";"2.2";"rpm";
"23565.8833256";"Presión absoluta en el colector de admisión";"6.381660472308001";"psi";
"23565.8833256";"Sobrealimentación calculada";"-7.251886900361";"psi";
"23566.0479049";"Combustible usado";"0.030084399416922942";"L";
"23566.0479049";"Combustible usado (Hoy)";"0.030086";"L";
"23566.0479049";"Combustible usado (Semana)";"0.894304";"L";
"23566.0479049";"Combustible usado (total)";"2.6790709999999995";"L";
"23566.0479049";"Consumo instantáneo de combustible (l/h)";"6.45121610287951";"L/h";
"23566.0479049";"Coste de combustible";"0.03038524341109217";"€";
"23566.0479049";"Coste de combustible (Hoy)";"0.03038686";"€";
"23566.0479049";"Coste de combustible (Semana)";"0.9032470400000001";"€";
"23566.0479049";"Coste de combustible (total)";"2.70586171";"€";
"23566.0479049";"Potencia instantánea del motor (basada en el consumo de combustible)";"25.23843410297283";"hp";
"23566.0479049";"Power from MAF";"23.076";"hp";
"23566.0479049";"Velocidad del flujo del aire MAF";"19.23";"g/sec";
"23566.1908843";"Revoluciones del motor";"2349";"rpm";
"23566.1908843";"Revoluciones del motor x1000";"2.3";"rpm";
"23566.4874639";"Presión absoluta en el colector de admisión";"6.816773686329";"psi";
"23566.4874639";"Sobrealimentación calculada";"-6.81677368633934";"psi";
"23566.641664";"Combustible usado";"0.03124224658782966";"L";
"23566.641664";"Combustible usado (Hoy)";"0.031244";"L";
"23566.641664";"Combustible usado (Semana)";"0.8954620000000001";"L";
"23566.641664";"Combustible usado (total)";"2.6802289999999998";"L";
"23566.641664";"Consumo instantáneo de combustible (l/h)";"7.021526418786694";"L/h";
"23566.641664";"Coste de combustible";"0.031554669053707955";"€";
"23566.641664";"Coste de combustible (Hoy)";"0.03155644";"€";
"23566.641664";"Coste de combustible (Semana)";"0.9044166200000001";"€";
"23566.641664";"Coste de combustible (total)";"2.70703129";"€";
"23566.641664";"Potencia instantánea del motor (basada en el consumo de combustible)";"27.469600924348473";"hp";
"23566.641664";"Power from MAF";"25.116";"hp";
"23566.641664";"Velocidad del flujo del aire MAF";"20.93";"g/sec";
"23566.7995222";"Revoluciones del motor";"2464";"rpm";
"23566.7995222";"Revoluciones del motor x1000";"2.5";"rpm";
"23567.1195079";"Presión absoluta en el colector de admisión";"6.961811424336";"psi";
"23567.1195079";"Sobrealimentación calculada";"-6.67173594833212";"psi";
"23567.2741699";"Combustible usado";"0.032431666055540036";"L";
"23567.2741699";"Combustible usado (Hoy)";"0.032433";"L";
"23567.2741699";"Combustible usado (Semana)";"0.8966510000000001";"L";
"23567.2741699";"Combustible usado (total)";"2.681418";"L";
"23567.2741699";"Consumo instantáneo de combustible (l/h)";"6.769918926474699";"L/h";
"23567.2741699";"Coste de combustible";"0.032755982716095436";"€";
"23567.2741699";"Coste de combustible (Hoy)";"0.032757329999999994";"€";
"23567.2741699";"Coste de combustible (Semana)";"0.9056175100000001";"€";
"23567.2741699";"Coste de combustible (total)";"2.70823218";"€";
"23567.2741699";"Potencia instantánea del motor (basada en el consumo de combustible)";"26.485262620800388";"hp";
"23567.2741699";"Power from MAF";"24.215999999999998";"hp";
"23567.2741699";"Velocidad del flujo del aire MAF";"20.18";"g/sec";
"23567.4363836";"Revoluciones del motor";"2600";"rpm";
"23567.4363836";"Revoluciones del motor x1000";"2.6";"rpm";
"23567.7358079";"Presión absoluta en el colector de admisión";"6.526698210315001";"psi";
"23567.7358079";"Sobrealimentación calculada";"-7.10684916235378";"psi";
"23567.8904843";"Combustible usado";"0.033526468121703484";"L";
"23567.8904843";"Combustible usado (Hoy)";"0.033528";"L";
"23567.8904843";"Combustible usado (Semana)";"0.897746";"L";
"23567.8904843";"Combustible usado (total)";"2.6825129999999997";"L";
"23567.8904843";"Consumo instantáneo de combustible (l/h)";"6.394185071288789";"L/h";
"23567.8904843";"Coste de combustible";"0.03386173280292052";"€";
"23567.8904843";"Coste de combustible (Hoy)";"0.03386328";"€";
"23567.8904843";"Coste de combustible (Semana)";"0.9067234600000001";"€";
"23567.8904843";"Coste de combustible (total)";"2.70933813";"€";
"23567.8904843";"Potencia instantánea del motor (basada en el consumo de combustible)";"25.015317420835256";"hp";
"23567.8904843";"Power from MAF";"22.871999999999996";"hp";
"23567.8904843";"Velocidad del flujo del aire MAF";"19.06";"g/sec";
"23568.0548762";"Revoluciones del motor";"2730";"rpm";
"23568.0548762";"Revoluciones del motor x1000";"2.7";"rpm";
"23568.3540139";"Presión absoluta en el colector de admisión";"4.931283092238";"psi";
"23568.3540139";"Sobrealimentación calculada";"-8.7022642804332";"psi";
"23568.5859406";"Combustible usado";"0.03401375108731713";"L";
"23568.5859406";"Combustible usado (Hoy)";"0.034015";"L";
"23568.5859406";"Combustible usado (Semana)";"0.8982330000000001";"L";
"23568.5859406";"Combustible usado (total)";"2.683";"L";
"23568.5859406";"Consumo instantáneo de combustible (l/h)";"2.522784456248253";"L/h";
"23568.5859406";"Coste de combustible";"0.0343538885981903";"€";
"23568.5859406";"Coste de combustible (Hoy)";"0.034355149999999994";"€";
"23568.5859406";"Coste de combustible (Semana)";"0.9072153300000001";"€";
"23568.5859406";"Coste de combustible (total)";"2.70983";"€";
"23568.5859406";"Potencia instantánea del motor (basada en el consumo de combustible)";"9.869632056908769";"hp";
"23568.5859406";"Power from MAF";"9.024000000000001";"hp";
"23568.5859406";"Velocidad del flujo del aire MAF";"7.5200000000000005";"g/sec";
"23568.7481806";"Revoluciones del motor";"2724";"rpm";
"23568.7481806";"Revoluciones del motor x1000";"2.7";"rpm";
"23569.0382459";"Presión absoluta en el colector de admisión";"1.5954151180770002";"psi";
"23569.0382459";"Sobrealimentación calculada";"-12.03813225459926";"psi";
"23569.1758289";"Combustible usado";"0.03423586600298202";"L";
"23569.1758289";"Combustible usado (Hoy)";"0.034237";"L";
"23569.1758289";"Combustible usado (Semana)";"0.898455";"L";
"23569.1758289";"Combustible usado (total)";"2.6832219999999998";"L";
"23569.1758289";"Consumo instantáneo de combustible (l/h)";"1.355325691920604";"L/h";
"23569.1758289";"Coste de combustible";"0.034578224663011844";"€";
"23569.1758289";"Coste de combustible (Hoy)";"0.03457937";"€";
"23569.1758289";"Coste de combustible (Semana)";"0.9074395500000001";"€";
"23569.1758289";"Coste de combustible (total)";"2.71005422";"€";
"23569.1758289";"Potencia instantánea del motor (basada en el consumo de combustible)";"5.302302328445669";"hp";
"23569.1758289";"Power from MAF";"4.848";"hp";
"23569.1758289";"Velocidad del flujo del aire MAF";"4.04";"g/sec";
"23569.3305923";"Revoluciones del motor";"2710";"rpm";
"23569.3305923";"Revoluciones del motor x1000";"2.7";"rpm";
"23569.6159999";"Presión absoluta en el colector de admisión";"1.885490594091";"psi";
"23569.6159999";"Sobrealimentación calculada";"-11.74805677858482";"psi";
"23569.7664412";"Combustible usado";"0.03445434940918834";"L";
"23569.7664412";"Combustible usado (Hoy)";"0.034455";"L";
"23569.7664412";"Combustible usado (Semana)";"0.898673";"L";
"23569.7664412";"Combustible usado (total)";"2.6834399999999996";"L";
"23569.7664412";"Consumo instantáneo de combustible (l/h)";"1.3318423259714847";"L/h";
"23569.7664412";"Coste de combustible";"0.03479889290328022";"€";
"23569.7664412";"Coste de combustible (Hoy)";"0.03479955";"€";
"23569.7664412";"Coste de combustible (Semana)";"0.9076597300000001";"€";
"23569.7664412";"Coste de combustible (total)";"2.7102744";"€";
"23569.7664412";"Potencia instantánea del motor (basada en el consumo de combustible)";"5.210430753447847";"hp";
"23569.7664412";"Power from MAF";"4.764";"hp";
"23569.7664412";"Velocidad del flujo del aire MAF";"3.97";"g/sec";
"23569.9274705";"Revoluciones del motor";"2644";"rpm";
"23569.9274705";"Revoluciones del motor x1000";"2.6";"rpm";
"23570.2100061";"Presión absoluta en el colector de admisión";"1.885490594091";"psi";
"23570.2100061";"Sobrealimentación calculada";"-11.74805677858482";"psi";
"23570.3697449";"Combustible usado";"0.03467303026689032";"L";
"23570.3697449";"Combustible usado (Hoy)";"0.034674";"L";
"23570.3697449";"Combustible usado (Semana)";"0.898892";"L";
"23570.3697449";"Combustible usado (total)";"2.6836589999999996";"L";
"23570.3697449";"Consumo instantáneo de combustible (l/h)";"1.3050041934582053";"L/h";
"23570.3697449";"Coste de combustible";"0.03501976056955922";"€";
"23570.3697449";"Coste de combustible (Hoy)";"0.03502074";"€";
"23570.3697449";"Coste de combustible (Semana)";"0.9078809200000001";"€";
"23570.3697449";"Coste de combustible (total)";"2.7104955900000003";"€";
"23570.3697449";"Potencia instantánea del motor (basada en el consumo de combustible)";"5.105434667736051";"hp";
"23570.3697449";"Power from MAF";"4.668";"hp";
"23570.3697449";"Velocidad del flujo del aire MAF";"3.89";"g/sec";
"23570.5179948";"Revoluciones del motor";"2594";"rpm";
"23570.5179948";"Revoluciones del motor x1000";"2.6";"rpm";
"23570.8159848";"Presión absoluta en el colector de admisión";"1.885490594091";"psi";
"23570.8159848";"Sobrealimentación calculada";"-11.74805677858482";"psi";
"23570.9751812";"Combustible usado";"0.03488857388258317";"L";
"23570.9751812";"Combustible usado (Hoy)";"0.03489";"L";
"23570.9751812";"Combustible usado (Semana)";"0.899108";"L";
"23570.9751812";"Combustible usado (total)";"2.6838749999999996";"L";
"23570.9751812";"Consumo instantáneo de combustible (l/h)";"1.281520827509086";"L/h";
"23570.9751812";"Coste de combustible";"0.035237459621409006";"€";
"23570.9751812";"Coste de combustible (Hoy)";"0.0352389";"€";
"23570.9751812";"Coste de combustible (Semana)";"0.9080990800000001";"€";
"23570.9751812";"Coste de combustible (total)";"2.71071375";"€";
"23570.9751812";"Potencia instantánea del motor (basada en el consumo de combustible)";"5.01356309273823";"hp";
"23570.9751812";"Power from MAF";"4.5840000000000005";"hp";
"23570.9751812";"Velocidad del flujo del aire MAF";"3.8200000000000003";"g/sec";
"23571.123724";"Revoluciones del motor";"2543";"rpm";
"23571.123724";"Revoluciones del motor x1000";"2.5";"rpm";
"23571.4232966";"Presión absoluta en el colector de admisión";"1.5954151180770002";"psi";
"23571.4232966";"Sobrealimentación calculada";"-12.03813225459926";"psi";
"23571.5842089";"Combustible usado";"0.035158163494455316";"L";
"23571.5842089";"Combustible usado (Hoy)";"0.03516";"L";
"23571.5842089";"Combustible usado (Semana)";"0.899378";"L";
"23571.5842089";"Combustible usado (total)";"2.6841449999999996";"L";
"23571.5842089";"Consumo instantáneo de combustible (l/h)";"1.5935141179759578";"L/h";
"23571.5842089";"Coste de combustible";"0.03550974512939987";"€";
"23571.5842089";"Coste de combustible (Hoy)";"0.0355116";"€";
"23571.5842089";"Coste de combustible (Semana)";"0.9083717800000001";"€";
"23571.5842089";"Coste de combustible (total)";"2.71098645";"€";
"23571.5842089";"Potencia instantánea del motor (basada en el consumo de combustible)";"6.2341425891378535";"hp";
"23571.5842089";"Power from MAF";"5.7";"hp";
"23571.5842089";"Velocidad del flujo del aire MAF";"4.75";"g/sec";
"23571.7358027";"Revoluciones del motor";"2542";"rpm";
"23571.7358027";"Revoluciones del motor x1000";"2.5";"rpm";
"23572.0478576";"Presión absoluta en el colector de admisión";"2.030528332098";"psi";
"23572.0478576";"Sobrealimentación calculada";"-11.6030190405776";"psi";
"23572.2102898";"Combustible usado";"0.03565410043416271";"L";
"23572.2102898";"Combustible usado (Hoy)";"0.035656";"L";
"23572.2102898";"Combustible usado (Semana)";"0.8998740000000001";"L";
"23572.2102898";"Combustible usado (total)";"2.6846409999999996";"L";
"23572.2102898";"Consumo instantáneo de combustible (l/h)";"2.8515515795359243";"L/h";
"23572.2102898";"Coste de combustible";"0.03601064143850433";"€";
"23572.2102898";"Coste de combustible (Hoy)";"0.03601256";"€";
"23572.2102898";"Coste de combustible (Semana)";"0.9088727400000001";"€";
"23572.2102898";"Coste de combustible (total)";"2.71148741";"€";
"23572.2102898";"Potencia instantánea del motor (basada en el consumo de combustible)";"11.15583410687826";"hp";
"23572.2102898";"Power from MAF";"10.2";"hp";
"23572.2102898";"Velocidad del flujo del aire MAF";"8.5";"g/sec";
"23572.3663671";"Revoluciones del motor";"2490";"rpm";
"23572.3663671";"Revoluciones del motor x1000";"2.5";"rpm";
"23572.6943618";"Presión absoluta en el colector de admisión";"4.641207616224";"psi";
"23572.6943618";"Sobrealimentación calculada";"-8.99233975644764";"psi";
"23572.8642554";"Combustible usado";"0.03630560936278073";"L";
"23572.8642554";"Combustible usado (Hoy)";"0.036308";"L";
"23572.8642554";"Combustible usado (Semana)";"0.900526";"L";
"23572.8642554";"Combustible usado (total)";"2.6852929999999997";"L";
"23572.8642554";"Consumo instantáneo de combustible (l/h)";"3.586245457086945";"L/h";
"23572.8642554";"Coste de combustible";"0.03666866545640854";"€";
"23572.8642554";"Coste de combustible (Hoy)";"0.03667108";"€";
"23572.8642554";"Coste de combustible (Semana)";"0.9095312600000001";"€";
"23572.8642554";"Coste de combustible (total)";"2.71214593";"€";
"23572.8642554";"Potencia instantánea del motor (basada en el consumo de combustible)";"14.030101953238661";"hp";
"23572.8642554";"Power from MAF";"12.828";"hp";
"23572.8642554";"Velocidad del flujo del aire MAF";"10.69";"g/sec";
"23573.0200067";"Revoluciones del motor";"2583";"rpm";
"23573.0200067";"Revoluciones del motor x1000";"2.6";"rpm";
"23573.3224655";"Presión absoluta en el colector de admisión";"5.076320830245001";"psi";
"23573.3224655";"Sobrealimentación calculada";"-8.55722654242598";"psi";
"23573.4921531";"Combustible usado";"0.03677133753201007";"L";
"23573.4921531";"Combustible usado (Hoy)";"0.036774";"L";
"23573.4921531";"Combustible usado (Semana)";"0.900992";"L";
"23573.4921531";"Combustible usado (total)";"2.6857589999999996";"L";
"23573.4921531";"Consumo instantáneo de combustible (l/h)";"2.670394185071289";"L/h";
"23573.4921531";"Coste de combustible";"0.03713905090733017";"€";
"23573.4921531";"Coste de combustible (Hoy)";"0.03714174";"€";
"23573.4921531";"Coste de combustible (Semana)";"0.9100019200000001";"€";
"23573.4921531";"Coste de combustible (total)";"2.71261659";"€";
"23573.4921531";"Potencia instantánea del motor (basada en el consumo de combustible)";"10.447110528323643";"hp";
"23573.4921531";"Power from MAF";"9.552";"hp";
"23573.4921531";"Velocidad del flujo del aire MAF";"7.96";"g/sec";
"23573.6600083";"Revoluciones del motor";"2584";"rpm";
"23573.6600083";"Revoluciones del motor x1000";"2.6";"rpm";
"23573.9786016";"Presión absoluta en el colector de admisión";"1.740452856084";"psi";
"23573.9786016";"Sobrealimentación calculada";"-11.89309451659204";"psi";
"23574.1070744";"Combustible usado";"0.03699309621358681";"L";
"23574.1070744";"Combustible usado (Hoy)";"0.036996";"L";
"23574.1070744";"Combustible usado (Semana)";"0.9012140000000001";"L";
"23574.1070744";"Combustible usado (total)";"2.6859809999999995";"L";
"23574.1070744";"Consumo instantáneo de combustible (l/h)";"1.2982946603298855";"L/h";
"23574.1070744";"Coste de combustible";"0.03736302717572268";"€";
"23574.1070744";"Coste de combustible (Hoy)";"0.037365960000000004";"€";
"23574.1070744";"Coste de combustible (Semana)";"0.9102261400000001";"€";
"23574.1070744";"Coste de combustible (total)";"2.71284081";"€";
"23574.1070744";"Potencia instantánea del motor (basada en el consumo de combustible)";"5.079185646308102";"hp";
"23574.1070744";"Power from MAF";"4.644";"hp";
"23574.1070744";"Velocidad del flujo del aire MAF";"3.87";"g/sec";
"23574.2598966";"Revoluciones del motor";"2591";"rpm";
"23574.2598966";"Revoluciones del motor x1000";"2.6";"rpm";
"23574.5584575";"Presión absoluta en el colector de admisión";"2.030528332098";"psi";
"23574.5584575";"Sobrealimentación calculada";"-11.6030190405776";"psi";
"23574.7070785";"Combustible usado";"0.037223987729568545";"L";
"23574.7070785";"Combustible usado (Hoy)";"0.037227";"L";
"23574.7070785";"Combustible usado (Semana)";"0.901445";"L";
"23574.7070785";"Combustible usado (total)";"2.686212";"L";
"23574.7070785";"Consumo instantáneo de combustible (l/h)";"1.3855185909980432";"L/h";
"23574.7070785";"Coste de combustible";"0.03759622760686423";"€";
"23574.7070785";"Coste de combustible (Hoy)";"0.037599270000000004";"€";
"23574.7070785";"Coste de combustible (Semana)";"0.9104594500000001";"€";
"23574.7070785";"Coste de combustible (total)";"2.71307412";"€";
"23574.7070785";"Potencia instantánea del motor (basada en el consumo de combustible)";"5.4204229248714375";"hp";
"23574.7070785";"Power from MAF";"4.9559999999999995";"hp";
"23574.7070785";"Velocidad del flujo del aire MAF";"4.13";"g/sec";
"23574.8355803";"Revoluciones del motor";"2467";"rpm";
"23574.8355803";"Revoluciones del motor x1000";"2.5";"rpm";
"23575.1557489";"Presión absoluta en el colector de admisión";"1.885490594091";"psi";
"23575.1557489";"Sobrealimentación calculada";"-11.74805677858482";"psi";
"23575.3106378";"Combustible usado";"0.03740118789590905";"L";
"23575.3106378";"Combustible usado (Hoy)";"0.037404";"L";
"23575.3106378";"Combustible usado (Semana)";"0.901622";"L";
"23575.3106378";"Combustible usado (total)";"2.6863889999999997";"L";
"23575.3106378";"Consumo instantáneo de combustible (l/h)";"1.056751467710372";"L/h";
"23575.3106378";"Coste de combustible";"0.037775199774868144";"€";
"23575.3106378";"Coste de combustible (Hoy)";"0.03777804";"€";
"23575.3106378";"Coste de combustible (Semana)";"0.91063822";"€";
"23575.3106378";"Coste de combustible (total)";"2.71325289";"€";
"23575.3106378";"Potencia instantánea del motor (basada en el consumo de combustible)";"4.134220874901945";"hp";
"23575.3106378";"Power from MAF";"3.78";"hp";
"23575.3106378";"Velocidad del flujo del aire MAF";"3.15";"g/sec";
"23575.4426082";"Revoluciones del motor";"2044";"rpm";
"23575.4426082";"Revoluciones del motor x1000";"2";"rpm";
"23575.7160797";"Presión absoluta en el colector de admisión";"1.740452856084";"psi";
"23575.7160797";"Sobrealimentación calculada";"-11.89309451659204";"psi";
"23575.8719882";"Combustible usado";"0.03752359909411984";"L";
"23575.8719882";"Combustible usado (Hoy)";"0.037526";"L";
"23575.8719882";"Combustible usado (Semana)";"0.901744";"L";
"23575.8719882";"Combustible usado (total)";"2.686511";"L";
"23575.8719882";"Consumo instantáneo de combustible (l/h)";"0.7850153760134191";"L/h";
"23575.8719882";"Coste de combustible";"0.03789883508506104";"€";
"23575.8719882";"Coste de combustible (Hoy)";"0.03790126";"€";
"23575.8719882";"Coste de combustible (Semana)";"0.9107614400000001";"€";
"23575.8719882";"Coste de combustible (total)";"2.71337611";"€";
"23575.8719882";"Potencia instantánea del motor (basada en el consumo de combustible)";"3.0711355070700153";"hp";
"23575.8719882";"Power from MAF";"2.808";"hp";
"23575.8719882";"Velocidad del flujo del aire MAF";"2.34";"g/sec";
"23576.0310911";"Revoluciones del motor";"1610";"rpm";
"23576.0310911";"Revoluciones del motor x1000";"1.6";"rpm";
"23576.3236542";"Presión absoluta en el colector de admisión";"1.885490594091";"psi";
"23576.3236542";"Sobrealimentación calculada";"-11.74805677858482";"psi";
"23576.4746434";"Combustible usado";"0.03762410309868605";"L";
"23576.4746434";"Combustible usado (Hoy)";"0.037627";"L";
"23576.4746434";"Combustible usado (Semana)";"0.901845";"L";
"23576.4746434";"Combustible usado (total)";"2.686612";"L";
"23576.4746434";"Consumo instantáneo de combustible (l/h)";"0.600503214984624";"L/h";
"23576.4746434";"Coste de combustible";"0.03800034412967291";"€";
"23576.4746434";"Coste de combustible (Hoy)";"0.03800327";"€";
"23576.4746434";"Coste de combustible (Semana)";"0.9108634500000001";"€";
"23576.4746434";"Coste de combustible (total)";"2.71347812";"€";
"23576.4746434";"Potencia instantánea del motor (basada en el consumo de combustible)";"2.349287417801422";"hp";
"23576.4746434";"Power from MAF";"2.148";"hp";
"23576.4746434";"Velocidad del flujo del aire MAF";"1.79";"g/sec";
"23576.6114673";"Revoluciones del motor";"1184";"rpm";
"23576.6114673";"Revoluciones del motor x1000";"1.2";"rpm";
"23576.9025901";"Presión absoluta en el colector de admisión";"2.030528332098";"psi";
"23576.9025901";"Sobrealimentación calculada";"-11.6030190405776";"psi";
"23577.0553199";"Combustible usado";"0.03769985917174541";"L";
"23577.0553199";"Combustible usado (Hoy)";"0.037703";"L";
"23577.0553199";"Combustible usado (Semana)";"0.9019210000000001";"L";
"23577.0553199";"Combustible usado (total)";"2.6866879999999997";"L";
"23577.0553199";"Consumo instantáneo de combustible (l/h)";"0.46966731898238756";"L/h";
"23577.0553199";"Coste de combustible";"0.03807685776346287";"€";
"23577.0553199";"Coste de combustible (Hoy)";"0.03808003";"€";
"23577.0553199";"Coste de combustible (Semana)";"0.9109402100000001";"€";
"23577.0553199";"Coste de combustible (total)";"2.7135548800000002";"€";
"23577.0553199";"Potencia instantánea del motor (basada en el consumo de combustible)";"1.8374314999564194";"hp";
"23577.0553199";"Power from MAF";"1.6800000000000002";"hp";
"23577.0553199";"Velocidad del flujo del aire MAF";"1.4000000000000001";"g/sec";
"23577.2155966";"Revoluciones del motor";"954";"rpm";
"23577.2155966";"Revoluciones del motor x1000";"1";"rpm";
"23577.5111412";"Presión absoluta en el colector de admisión";"3.045792498147";"psi";
"23577.5111412";"Sobrealimentación calculada";"-10.58775487452706";"psi";
"23577.6625191";"Combustible usado";"0.03818704058857516";"L";
"23577.6625191";"Combustible usado (Hoy)";"0.03819";"L";
"23577.6625191";"Combustible usado (Semana)";"0.9024080000000001";"L";
"23577.6625191";"Combustible usado (total)";"2.687175";"L";
"23577.6625191";"Consumo instantáneo de combustible (l/h)";"2.888454011741683";"L/h";
"23577.6625191";"Coste de combustible";"0.038568910994460914";"€";
"23577.6625191";"Coste de combustible (Hoy)";"0.0385719";"€";
"23577.6625191";"Coste de combustible (Semana)";"0.9114320800000001";"€";
"23577.6625191";"Coste de combustible (total)";"2.71404675";"€";
"23577.6625191";"Potencia instantánea del motor (basada en el consumo de combustible)";"11.300203724731977";"hp";
"23577.6625191";"Power from MAF";"10.331999999999999";"hp";
"23577.6625191";"Velocidad del flujo del aire MAF";"8.61";"g/sec";
"23577.8107745";"Revoluciones del motor";"1275";"rpm";
"23577.8107745";"Revoluciones del motor x1000";"1.3";"rpm";
"23578.1185818";"Presión absoluta en el colector de admisión";"7.687000114371001";"psi";
"23578.1185818";"Sobrealimentación calculada";"-5.94654725829602";"psi";
"23578.2719959";"Combustible usado";"0.03891579797931228";"L";
"23578.2719959";"Combustible usado (Hoy)";"0.038919";"L";
"23578.2719959";"Combustible usado (Semana)";"0.9031370000000001";"L";
"23578.2719959";"Combustible usado (total)";"2.6879039999999996";"L";
"23578.2719959";"Consumo instantáneo de combustible (l/h)";"4.304165501817166";"L/h";
"23578.2719959";"Coste de combustible";"0.0393049559591054";"€";
"23578.2719959";"Coste de combustible (Hoy)";"0.03930819";"€";
"23578.2719959";"Coste de combustible (Semana)";"0.9121683700000001";"€";
"23578.2719959";"Coste de combustible (total)";"2.71478304";"€";
"23578.2719959";"Potencia instantánea del motor (basada en el consumo de combustible)";"16.838747246029186";"hp";
"23578.2719959";"Power from MAF";"15.395999999999999";"hp";
"23578.2719959";"Velocidad del flujo del aire MAF";"12.83";"g/sec";
"23578.4237126";"Revoluciones del motor";"1349";"rpm";
"23578.4237126";"Revoluciones del motor x1000";"1.3";"rpm";
"23578.7281988";"Presión absoluta en el colector de admisión";"7.832037852378001";"psi";
"23578.7281988";"Sobrealimentación calculada";"-5.8015095202888";"psi";
"23578.8828911";"Combustible usado";"0.0397583787639549";"L";
"23578.8828911";"Combustible usado (Hoy)";"0.039762";"L";
"23578.8828911";"Combustible usado (Semana)";"0.90398";"L";
"23578.8828911";"Combustible usado (total)";"2.6887469999999998";"L";
"23578.8828911";"Consumo instantáneo de combustible (l/h)";"4.965054514956668";"L/h";
"23578.8828911";"Coste de combustible";"0.040155962551594454";"€";
"23578.8828911";"Coste de combustible (Hoy)";"0.04015962";"€";
"23578.8828911";"Coste de combustible (Semana)";"0.9130198";"€";
"23578.8828911";"Coste de combustible (total)";"2.71563447";"€";
"23578.8828911";"Potencia instantánea del motor (basada en el consumo de combustible)";"19.424275856682147";"hp";
"23578.8828911";"Power from MAF";"17.76";"hp";
"23578.8828911";"Velocidad del flujo del aire MAF";"14.8";"g/sec";
"23579.0164151";"Revoluciones del motor";"1485";"rpm";
"23579.0164151";"Revoluciones del motor x1000";"1.5";"rpm";
"23579.3078464";"Presión absoluta en el colector de admisión";"7.977075590385001";"psi";
"23579.3078464";"Sobrealimentación calculada";"-5.65647178228158";"psi";
"23579.4465074";"Combustible usado";"0.040679712744385435";"L";
"23579.4465074";"Combustible usado (Hoy)";"0.040683";"L";
"23579.4465074";"Combustible usado (Semana)";"0.9049010000000001";"L";
"23579.4465074";"Combustible usado (total)";"2.6896679999999997";"L";
"23579.4465074";"Consumo instantáneo de combustible (l/h)";"5.884260553536484";"L/h";
"23579.4465074";"Coste de combustible";"0.04108650987182929";"€";
"23579.4465074";"Coste de combustible (Hoy)";"0.041089829999999994";"€";
"23579.4465074";"Coste de combustible (Semana)";"0.9139500100000001";"€";
"23579.4465074";"Coste de combustible (total)";"2.7165646800000003";"€";
"23579.4465074";"Potencia instantánea del motor (basada en el consumo de combustible)";"23.02039179231114";"hp";
"23579.4465074";"Power from MAF";"21.048";"hp";
"23579.4465074";"Velocidad del flujo del aire MAF";"17.54";"g/sec";
"23579.6058326";"Revoluciones del motor";"1662";"rpm";
"23579.6058326";"Revoluciones del motor x1000";"1.7";"rpm";
"23579.9112556";"Presión absoluta en el colector de admisión";"8.412188804406";"psi";
"23579.9112556";"Sobrealimentación calculada";"-5.22135856825992";"psi";
"23580.0681384";"Combustible usado";"0.04184808297250956";"L";
"23580.0681384";"Combustible usado (Hoy)";"0.041851";"L";
"23580.0681384";"Combustible usado (Semana)";"0.906069";"L";
"23580.0681384";"Combustible usado (total)";"2.6908359999999996";"L";
"23580.0681384";"Consumo instantáneo de combustible (l/h)";"6.7665641599105415";"L/h";
"23580.0681384";"Coste de combustible";"0.042266563802234654";"€";
"23580.0681384";"Coste de combustible (Hoy)";"0.042269509999999996";"€";
"23580.0681384";"Coste de combustible (Semana)";"0.9151296900000001";"€";
"23580.0681384";"Coste de combustible (total)";"2.71774436";"€";
"23580.0681384";"Potencia instantánea del motor (basada en el consumo de combustible)";"26.472138110086416";"hp";
"23580.0681384";"Power from MAF";"24.204";"hp";
"23580.0681384";"Velocidad del flujo del aire MAF";"20.17";"g/sec";
"23580.2353366";"Revoluciones del motor";"1871";"rpm";
"23580.2353366";"Revoluciones del motor x1000";"1.9";"rpm";
"23580.5160821";"Presión absoluta en el colector de admisión";"8.847302018427001";"psi";
"23580.5160821";"Sobrealimentación calculada";"-4.78624535423826";"psi";
"23580.6922354";"Combustible usado";"0.043160032431833015";"L";
"23580.6922354";"Combustible usado (Hoy)";"0.043163";"L";
"23580.6922354";"Combustible usado (Semana)";"0.907381";"L";
"23580.6922354";"Combustible usado (total)";"2.6921479999999995";"L";
"23580.6922354";"Consumo instantáneo de combustible (l/h)";"7.5683533687447575";"L/h";
"23580.6922354";"Coste de combustible";"0.04359163275615135";"€";
"23580.6922354";"Coste de combustible (Hoy)";"0.04359463";"€";
"23580.6922354";"Coste de combustible (Semana)";"0.9164548100000001";"€";
"23580.6922354";"Coste de combustible (total)";"2.71906948";"€";
"23580.6922354";"Potencia instantánea del motor (basada en el consumo de combustible)";"29.6088961707263";"hp";
"23580.6922354";"Power from MAF";"27.072";"hp";
"23580.6922354";"Velocidad del flujo del aire MAF";"22.56";"g/sec";
"23580.8521458";"Revoluciones del motor";"2069";"rpm";
"23580.8521458";"Revoluciones del motor x1000";"2.1";"rpm";
"23581.1438982";"Presión absoluta en el colector de admisión";"8.267151066399";"psi";
"23581.1438982";"Sobrealimentación calculada";"-5.3663963062671405";"psi";
"23581.3072415";"Combustible usado";"0.04432048443071476";"L";
"23581.3072415";"Combustible usado (Hoy)";"0.044323";"L";
"23581.3072415";"Combustible usado (Semana)";"0.908541";"L";
"23581.3072415";"Combustible usado (total)";"2.6933079999999996";"L";
"23581.3072415";"Consumo instantáneo de combustible (l/h)";"6.79340229242382";"L/h";
"23581.3072415";"Coste de combustible";"0.04476368927502191";"€";
"23581.3072415";"Coste de combustible (Hoy)";"0.044766230000000004";"€";
"23581.3072415";"Coste de combustible (Semana)";"0.9176264100000001";"€";
"23581.3072415";"Coste de combustible (total)";"2.72024108";"€";
"23581.3072415";"Potencia instantánea del motor (basada en el consumo de combustible)";"26.57713419579821";"hp";
"23581.3072415";"Power from MAF";"24.3";"hp";
"23581.3072415";"Velocidad del flujo del aire MAF";"20.25";"g/sec";
"23581.4476785";"Revoluciones del motor";"2246";"rpm";
"23581.4476785";"Revoluciones del motor x1000";"2.2";"rpm";
"23581.7584468";"Presión absoluta en el colector de admisión";"7.396924638357";"psi";
"23581.7584468";"Sobrealimentación calculada";"-6.23662273431046";"psi";
"23581.9156609";"Combustible usado";"0.045522982919951556";"L";
"23581.9156609";"Combustible usado (Hoy)";"0.045525";"L";
"23581.9156609";"Combustible usado (Semana)";"0.9097430000000001";"L";
"23581.9156609";"Combustible usado (total)";"2.6945099999999997";"L";
"23581.9156609";"Consumo instantáneo de combustible (l/h)";"7.115459882583171";"L/h";
"23581.9156609";"Coste de combustible";"0.04597821274915107";"€";
"23581.9156609";"Coste de combustible (Hoy)";"0.04598025";"€";
"23581.9156609";"Coste de combustible (Semana)";"0.9188404300000002";"€";
"23581.9156609";"Coste de combustible (total)";"2.7214551";"€";
"23581.9156609";"Potencia instantánea del motor (basada en el consumo de combustible)";"27.837087224339758";"hp";
"23581.9156609";"Power from MAF";"25.452";"hp";
"23581.9156609";"Velocidad del flujo del aire MAF";"21.21";"g/sec";
"23582.0671016";"Revoluciones del motor";"2418";"rpm";
"23582.0671016";"Revoluciones del motor x1000";"2.4";"rpm";
"23582.3903689";"Presión absoluta en el colector de admisión";"7.396924638357";"psi";
"23582.3903689";"Sobrealimentación calculada";"-6.23662273431046";"psi";
"23582.5464839";"Combustible usado";"0.04681176514267078";"L";
"23582.5464839";"Combustible usado (Hoy)";"0.046814";"L";
"23582.5464839";"Combustible usado (Semana)";"0.9110320000000001";"L";
"23582.5464839";"Combustible usado (total)";"2.6957989999999996";"L";
"23582.5464839";"Consumo instantáneo de combustible (l/h)";"7.353648308638524";"L/h";
"23582.5464839";"Coste de combustible";"0.04727988279409749";"€";
"23582.5464839";"Coste de combustible (Hoy)";"0.04728214";"€";
"23582.5464839";"Coste de combustible (Semana)";"0.9201423200000001";"€";
"23582.5464839";"Coste de combustible (total)";"2.72275699";"€";
"23582.5464839";"Potencia instantánea del motor (basada en el consumo de combustible)";"28.768927485031938";"hp";
"23582.5464839";"Power from MAF";"26.304000000000002";"hp";
"23582.5464839";"Velocidad del flujo del aire MAF";"21.92";"g/sec";
"23582.7103433";"Revoluciones del motor";"2565";"rpm";
"23582.7103433";"Revoluciones del motor x1000";"2.6";"rpm";
"23583.0236193";"Presión absoluta en el colector de admisión";"6.236622734301";"psi";
"23583.0236193";"Sobrealimentación calculada";"-7.39692463836822";"psi";
"23583.1746541";"Combustible usado";"0.047820764618954445";"L";
"23583.1746541";"Combustible usado (Hoy)";"0.047823";"L";
"23583.1746541";"Combustible usado (Semana)";"0.912041";"L";
"23583.1746541";"Combustible usado (total)";"2.696808";"L";
"23583.1746541";"Consumo instantáneo de combustible (l/h)";"5.783617556611687";"L/h";
"23583.1746541";"Coste de combustible";"0.04829897226514399";"€";
"23583.1746541";"Coste de combustible (Hoy)";"0.04830123";"€";
"23583.1746541";"Coste de combustible (Semana)";"0.9211614100000001";"€";
"23583.1746541";"Coste de combustible (total)";"2.72377608";"€";
"23583.1746541";"Potencia instantánea del motor (basada en el consumo de combustible)";"22.626656470891906";"hp";
"23583.1746541";"Power from MAF";"20.688000000000002";"hp";
"23583.1746541";"Velocidad del flujo del aire MAF";"17.240000000000002";"g/sec";
"23583.3111539";"Revoluciones del motor";"2689";"rpm";
"23583.3111539";"Revoluciones del motor x1000";"2.7";"rpm";
"23583.6251191";"Presión absoluta en el colector de admisión";"6.381660472308001";"psi";
"23583.6251191";"Sobrealimentación calculada";"-7.251886900361";"psi";
"23583.7865559";"Combustible usado";"0.04883463917081354";"L";
"23583.7865559";"Combustible usado (Hoy)";"0.048837";"L";
"23583.7865559";"Combustible usado (Semana)";"0.9130550000000001";"L";
"23583.7865559";"Combustible usado (total)";"2.6978219999999995";"L";
"23583.7865559";"Consumo instantáneo de combustible (l/h)";"5.964774951076322";"L/h";
"23583.7865559";"Coste de combustible";"0.04932298556252168";"€";
"23583.7865559";"Coste de combustible (Hoy)";"0.04932537";"€";
"23583.7865559";"Coste de combustible (Semana)";"0.9221855500000001";"€";
"23583.7865559";"Coste de combustible (total)";"2.72480022";"€";
"23583.7865559";"Potencia instantánea del motor (basada en el consumo de combustible)";"23.335380049446528";"hp";
"23583.7865559";"Power from MAF";"21.336000000000002";"hp";
"23583.7865559";"Velocidad del flujo del aire MAF";"17.78";"g/sec";
"23583.9477923";"Revoluciones del motor";"2786";"rpm";
"23583.9477923";"Revoluciones del motor x1000";"2.8";"rpm";
"23584.2703858";"Presión absoluta en el colector de admisión";"5.511434044266";"psi";
"23584.2703858";"Sobrealimentación calculada";"-8.12211332840432";"psi";
"23584.4109122";"Combustible usado";"0.04952015734004288";"L";
"23584.4109122";"Combustible usado (Hoy)";"0.049523";"L";
"23584.4109122";"Combustible usado (Semana)";"0.913741";"L";
"23584.4109122";"Combustible usado (total)";"2.698508";"L";
"23584.4109122";"Consumo instantáneo de combustible (l/h)";"3.9519150125803755";"L/h";
"23584.4109122";"Coste de combustible";"0.05001535891344331";"€";
"23584.4109122";"Coste de combustible (Hoy)";"0.05001823";"€";
"23584.4109122";"Coste de combustible (Semana)";"0.92287841";"€";
"23584.4109122";"Coste de combustible (total)";"2.72549308";"€";
"23584.4109122";"Potencia instantánea del motor (basada en el consumo de combustible)";"15.460673621061874";"hp";
"23584.4109122";"Power from MAF";"14.136";"hp";
"23584.4109122";"Velocidad del flujo del aire MAF";"11.78";"g/sec";
"23584.5756239";"Revoluciones del motor";"2849";"rpm";
"23584.5756239";"Revoluciones del motor x1000";"2.8";"rpm";
"23584.8878772";"Presión absoluta en el colector de admisión";"4.931283092238";"psi";
"23584.8878772";"Sobrealimentación calculada";"-8.7022642804332";"psi";
"23585.0447606";"Combustible usado";"0.05011504969844377";"L";
"23585.0447606";"Combustible usado (Hoy)";"0.050118";"L";
"23585.0447606";"Combustible usado (Semana)";"0.914336";"L";
"23585.0447606";"Combustible usado (total)";"2.6991029999999996";"L";
"23585.0447606";"Consumo instantáneo de combustible (l/h)";"3.3782499301090305";"L/h";
"23585.0447606";"Coste de combustible";"0.05061620019542821";"€";
"23585.0447606";"Coste de combustible (Hoy)";"0.05061918000000001";"€";
"23585.0447606";"Coste de combustible (Semana)";"0.9234793600000001";"€";
"23585.0447606";"Coste de combustible (total)";"2.72609403";"€";
"23585.0447606";"Potencia instantánea del motor (basada en el consumo de combustible)";"13.216382288972248";"hp";
"23585.0447606";"Power from MAF";"12.084";"hp";
"23585.0447606";"Velocidad del flujo del aire MAF";"10.07";"g/sec";
"23585.1785224";"Revoluciones del motor";"2899";"rpm";
"23585.1785224";"Revoluciones del motor x1000";"2.9";"rpm";
"23585.4689948";"Presión absoluta en el colector de admisión";"4.351132140210001";"psi";
"23585.4689948";"Sobrealimentación calculada";"-9.28241523246208";"psi";
"23585.6266658";"Combustible usado";"0.05066099299832263";"L";
"23585.6266658";"Combustible usado (Hoy)";"0.050664";"L";
"23585.6266658";"Combustible usado (Semana)";"0.9148820000000001";"L";
"23585.6266658";"Combustible usado (total)";"2.6996489999999995";"L";
"23585.6266658";"Consumo instantáneo de combustible (l/h)";"3.3782499301090305";"L/h";
"23585.6266658";"Coste de combustible";"0.051167602928305855";"€";
"23585.6266658";"Coste de combustible (Hoy)";"0.05117064";"€";
"23585.6266658";"Coste de combustible (Semana)";"0.9240308200000001";"€";
"23585.6266658";"Coste de combustible (total)";"2.72664549";"€";
"23585.6266658";"Potencia instantánea del motor (basada en el consumo de combustible)";"13.216382288972248";"hp";
"23585.6266658";"Power from MAF";"12.084";"hp";
"23585.6266658";"Velocidad del flujo del aire MAF";"10.07";"g/sec";
"23585.7518052";"Revoluciones del motor";"2932";"rpm";
"23585.7518052";"Revoluciones del motor x1000";"2.9";"rpm";
"23586.0523332";"Presión absoluta en el colector de admisión";"4.206094402203";"psi";
"23586.0523332";"Sobrealimentación calculada";"-9.4274529704693";"psi";
"23586.1905536";"Combustible usado";"0.051127178409747474";"L";
"23586.1905536";"Combustible usado (Hoy)";"0.05113";"L";
"23586.1905536";"Combustible usado (Semana)";"0.915348";"L";
"23586.1905536";"Combustible usado (total)";"2.700115";"L";
"23586.1905536";"Consumo instantáneo de combustible (l/h)";"2.975677942409841";"L/h";
"23586.1905536";"Coste de combustible";"0.05163845019384495";"€";
"23586.1905536";"Coste de combustible (Hoy)";"0.0516413";"€";
"23586.1905536";"Coste de combustible (Semana)";"0.9245014800000001";"€";
"23586.1905536";"Coste de combustible (total)";"2.72711615";"€";
"23586.1905536";"Potencia instantánea del motor (basada en el consumo de combustible)";"11.641441003295318";"hp";
"23586.1905536";"Power from MAF";"10.644";"hp";
"23586.1905536";"Velocidad del flujo del aire MAF";"8.870000000000001";"g/sec";
"23586.3507237";"Revoluciones del motor";"2954";"rpm";
"23586.3507237";"Revoluciones del motor x1000";"3";"rpm";
"23586.6456529";"Presión absoluta en el colector de admisión";"2.9007547601400003";"psi";
"23586.6456529";"Sobrealimentación calculada";"-10.732792612534281";"psi";
"23586.8069024";"Combustible usado";"0.05155380484158048";"L";
"23586.8069024";"Combustible usado (Hoy)";"0.051557";"L";
"23586.8069024";"Combustible usado (Semana)";"0.915775";"L";
"23586.8069024";"Combustible usado (total)";"2.7005419999999996";"L";
"23586.8069024";"Consumo instantáneo de combustible (l/h)";"2.4925915571708135";"L/h";
"23586.8069024";"Coste de combustible";"0.05206934288999628";"€";
"23586.8069024";"Coste de combustible (Hoy)";"0.05207257";"€";
"23586.8069024";"Coste de combustible (Semana)";"0.9249327500000001";"€";
"23586.8069024";"Coste de combustible (total)";"2.72754742";"€";
"23586.8069024";"Potencia instantánea del motor (basada en el consumo de combustible)";"9.751511460482996";"hp";
"23586.8069024";"Power from MAF";"8.915999999999999";"hp";
"23586.8069024";"Velocidad del flujo del aire MAF";"7.43";"g/sec";
"23586.9637282";"Revoluciones del motor";"2970";"rpm";
"23586.9637282";"Revoluciones del motor x1000";"3";"rpm";
"23587.2680142";"Presión absoluta en el colector de admisión";"2.755717022133";"psi";
"23587.2680142";"Sobrealimentación calculada";"-10.8778303505415";"psi";
"23587.4275859";"Combustible usado";"0.051917616190755765";"L";
"23587.4275859";"Combustible usado (Hoy)";"0.051921";"L";
"23587.4275859";"Combustible usado (Semana)";"0.916139";"L";
"23587.4275859";"Combustible usado (total)";"2.700906";"L";
"23587.4275859";"Consumo instantáneo de combustible (l/h)";"2.110148168856584";"L/h";
"23587.4275859";"Coste de combustible";"0.052436792352663325";"€";
"23587.4275859";"Coste de combustible (Hoy)";"0.05244021";"€";
"23587.4275859";"Coste de combustible (Semana)";"0.9253003900000001";"€";
"23587.4275859";"Coste de combustible (total)";"2.72791506";"€";
"23587.4275859";"Potencia instantánea del motor (basada en el consumo de combustible)";"8.255317239089914";"hp";
"23587.4275859";"Power from MAF";"7.548";"hp";
"23587.4275859";"Velocidad del flujo del aire MAF";"6.29";"g/sec";
"23587.5857532";"Revoluciones del motor";"2977";"rpm";
"23587.5857532";"Revoluciones del motor x1000";"3";"rpm";
"23587.9089769";"Presión absoluta en el colector de admisión";"2.320603808112";"psi";
"23587.9089769";"Sobrealimentación calculada";"-11.31294356456316";"psi";
"23588.0781978";"Combustible usado";"0.052311731827695475";"L";
"23588.0781978";"Combustible usado (Hoy)";"0.052315";"L";
"23588.0781978";"Combustible usado (Semana)";"0.916533";"L";
"23588.0781978";"Combustible usado (total)";"2.7013";"L";
"23588.0781978";"Consumo instantáneo de combustible (l/h)";"2.1805982667039423";"L/h";
"23588.0781978";"Coste de combustible";"0.05283484914597243";"€";
"23588.0781978";"Coste de combustible (Hoy)";"0.05283815";"€";
"23588.0781978";"Coste de combustible (Semana)";"0.9256983300000001";"€";
"23588.0781978";"Coste de combustible (total)";"2.728313";"€";
"23588.0781978";"Potencia instantánea del motor (basada en el consumo de combustible)";"8.530931964083377";"hp";
"23588.0781978";"Power from MAF";"7.8";"hp";
"23588.0781978";"Velocidad del flujo del aire MAF";"6.5";"g/sec";
"23588.2361062";"Revoluciones del motor";"2971";"rpm";
"23588.2361062";"Revoluciones del motor x1000";"3";"rpm";
"23588.5360314";"Presión absoluta en el colector de admisión";"2.465641546119";"psi";
"23588.5360314";"Sobrealimentación calculada";"-11.16790582655594";"psi";
"23588.6922753";"Combustible usado";"0.05267686051784551";"L";
"23588.6922753";"Combustible usado (Hoy)";"0.05268";"L";
"23588.6922753";"Combustible usado (Semana)";"0.916898";"L";
"23588.6922753";"Combustible usado (total)";"2.7016649999999998";"L";
"23588.6922753";"Consumo instantáneo de combustible (l/h)";"2.140341067934023";"L/h";
"23588.6922753";"Coste de combustible";"0.05320362912302396";"€";
"23588.6922753";"Coste de combustible (Hoy)";"0.0532068";"€";
"23588.6922753";"Coste de combustible (Semana)";"0.9260669800000001";"€";
"23588.6922753";"Coste de combustible (total)";"2.72868165";"€";
"23588.6922753";"Potencia instantánea del motor (basada en el consumo de combustible)";"8.373437835515682";"hp";
"23588.6922753";"Power from MAF";"7.656";"hp";
"23588.6922753";"Velocidad del flujo del aire MAF";"6.38";"g/sec";
"23588.8635507";"Revoluciones del motor";"2968";"rpm";
"23588.8635507";"Revoluciones del motor x1000";"3";"rpm";
"23589.1589541";"Presión absoluta en el colector de admisión";"3.045792498147";"psi";
"23589.1589541";"Sobrealimentación calculada";"-10.58775487452706";"psi";
"23589.3116911";"Combustible usado";"0.05315071454244713";"L";
"23589.3116911";"Combustible usado (Hoy)";"0.053154";"L";
"23589.3116911";"Combustible usado (Semana)";"0.9173720000000001";"L";
"23589.3116911";"Combustible usado (total)";"2.702139";"L";
"23589.3116911";"Consumo instantáneo de combustible (l/h)";"2.7542633491752873";"L/h";
"23589.3116911";"Coste de combustible";"0.0536822216878716";"€";
"23589.3116911";"Coste de combustible (Hoy)";"0.05368554";"€";
"23589.3116911";"Coste de combustible (Semana)";"0.9265457200000001";"€";
"23589.3116911";"Coste de combustible (total)";"2.72916039";"€";
"23589.3116911";"Potencia instantánea del motor (basada en el consumo de combustible)";"10.775223296173007";"hp";
"23589.3116911";"Power from MAF";"9.852";"hp";
"23589.3116911";"Velocidad del flujo del aire MAF";"8.21";"g/sec";
"23589.4785316";"Revoluciones del motor";"2987";"rpm";
"23589.4785316";"Revoluciones del motor x1000";"3";"rpm";
"23589.7790726";"Presión absoluta en el colector de admisión";"4.786245354231";"psi";
"23589.7790726";"Sobrealimentación calculada";"-8.84730201844042";"psi";
"23589.9419542";"Combustible usado";"0.0539518383530892";"L";
"23589.9419542";"Combustible usado (Hoy)";"0.053955";"L";
"23589.9419542";"Combustible usado (Semana)";"0.918173";"L";
"23589.9419542";"Combustible usado (total)";"2.70294";"L";
"23589.9419542";"Consumo instantáneo de combustible (l/h)";"4.575901593514119";"L/h";
"23589.9419542";"Coste de combustible";"0.05449135673662009";"€";
"23589.9419542";"Coste de combustible (Hoy)";"0.05449455";"€";
"23589.9419542";"Coste de combustible (Semana)";"0.9273547300000001";"€";
"23589.9419542";"Coste de combustible (total)";"2.7299694";"€";
"23589.9419542";"Potencia instantánea del motor (basada en el consumo de combustible)";"17.901832613861117";"hp";
"23589.9419542";"Power from MAF";"16.368";"hp";
"23589.9419542";"Velocidad del flujo del aire MAF";"13.64";"g/sec";
"23590.1082021";"Revoluciones del motor";"3037";"rpm";
"23590.1082021";"Revoluciones del motor x1000";"3";"rpm";
"23590.4276425";"Presión absoluta en el colector de admisión";"5.656471782273001";"psi";
"23590.4276425";"Sobrealimentación calculada";"-7.9770755903971";"psi";
"23590.578579";"Combustible usado";"0.05500256369164106";"L";
"23590.578579";"Combustible usado (Hoy)";"0.055006";"L";
"23590.578579";"Combustible usado (Semana)";"0.919224";"L";
"23590.578579";"Combustible usado (total)";"2.703991";"L";
"23590.578579";"Consumo instantáneo de combustible (l/h)";"5.941291585127203";"L/h";
"23590.578579";"Coste de combustible";"0.05555258932855747";"€";
"23590.578579";"Coste de combustible (Hoy)";"0.05555606";"€";
"23590.578579";"Coste de combustible (Semana)";"0.9284162400000001";"€";
"23590.578579";"Coste de combustible (total)";"2.73103091";"€";
"23590.578579";"Potencia instantánea del motor (basada en el consumo de combustible)";"23.24350847444871";"hp";
"23590.578579";"Power from MAF";"21.252";"hp";
"23590.578579";"Velocidad del flujo del aire MAF";"17.71";"g/sec";
"23590.7357682";"Revoluciones del motor";"3128";"rpm";
"23590.7357682";"Revoluciones del motor x1000";"3.1";"rpm";
"23591.032168";"Presión absoluta en el colector de admisión";"5.9465472582870005";"psi";
"23591.032168";"Sobrealimentación calculada";"-7.68700011438266";"psi";
"23591.1757";"Combustible usado";"0.05620779019765169";"L";
"23591.1757";"Combustible usado (Hoy)";"0.056211";"L";
"23591.1757";"Combustible usado (Semana)";"0.920429";"L";
"23591.1757";"Combustible usado (total)";"2.7051959999999995";"L";
"23591.1757";"Consumo instantáneo de combustible (l/h)";"7.266424377970367";"L/h";
"23591.1757";"Coste de combustible";"0.0567698680996282";"€";
"23591.1757";"Coste de combustible (Hoy)";"0.056773109999999995";"€";
"23591.1757";"Coste de combustible (Semana)";"0.9296332900000001";"€";
"23591.1757";"Coste de combustible (total)";"2.73224796";"€";
"23591.1757";"Potencia instantánea del motor (basada en el consumo de combustible)";"28.427690206468608";"hp";
"23591.1757";"Power from MAF";"25.992";"hp";
"23591.1757";"Velocidad del flujo del aire MAF";"21.66";"g/sec";
"23591.3671301";"Revoluciones del motor";"3231";"rpm";
"23591.3671301";"Revoluciones del motor x1000";"3.2";"rpm";
"23591.6781113";"Presión absoluta en el colector de admisión";"6.091584996294";"psi";
"23591.6781113";"Sobrealimentación calculada";"-7.54196237637544";"psi";
"23591.830356";"Combustible usado";"0.05741682737461563";"L";
"23591.830356";"Combustible usado (Hoy)";"0.05742";"L";
"23591.830356";"Combustible usado (Semana)";"0.9216380000000001";"L";
"23591.830356";"Combustible usado (total)";"2.7064049999999997";"L";
"23591.830356";"Consumo instantáneo de combustible (l/h)";"6.6491473301649435";"L/h";
"23591.830356";"Coste de combustible";"0.057990995648361784";"€";
"23591.830356";"Coste de combustible (Hoy)";"0.0579942";"€";
"23591.830356";"Coste de combustible (Semana)";"0.9308543800000001";"€";
"23591.830356";"Coste de combustible (total)";"2.73346905";"€";
"23591.830356";"Potencia instantánea del motor (basada en el consumo de combustible)";"26.012780235097313";"hp";
"23591.830356";"Power from MAF";"23.784";"hp";
"23591.830356";"Velocidad del flujo del aire MAF";"19.82";"g/sec";
"23591.9836099";"Revoluciones del motor";"3317";"rpm";
"23591.9836099";"Revoluciones del motor x1000";"3.3";"rpm";
"23592.2963723";"Presión absoluta en el colector de admisión";"5.801509520280001";"psi";
"23592.2963723";"Sobrealimentación calculada";"-7.83203785238988";"psi";
"23592.4591409";"Combustible usado";"0.05843860481194672";"L";
"23592.4591409";"Combustible usado (Hoy)";"0.058442";"L";
"23592.4591409";"Combustible usado (Semana)";"0.92266";"L";
"23592.4591409";"Combustible usado (total)";"2.7074269999999996";"L";
"23592.4591409";"Consumo instantáneo de combustible (l/h)";"5.850712887894885";"L/h";
"23592.4591409";"Coste de combustible";"0.05902299086006619";"€";
"23592.4591409";"Coste de combustible (Hoy)";"0.05902642";"€";
"23592.4591409";"Coste de combustible (Semana)";"0.9318866000000001";"€";
"23592.4591409";"Coste de combustible (total)";"2.73450127";"€";
"23592.4591409";"Potencia instantánea del motor (basada en el consumo de combustible)";"22.889146685171397";"hp";
"23592.4591409";"Power from MAF";"20.928";"hp";
"23592.4591409";"Velocidad del flujo del aire MAF";"17.44";"g/sec";
"23592.5833292";"Revoluciones del motor";"3391";"rpm";
"23592.5833292";"Revoluciones del motor x1000";"3.4";"rpm";
"23592.8952009";"Presión absoluta en el colector de admisión";"4.786245354231";"psi";
"23592.8952009";"Sobrealimentación calculada";"-8.84730201844042";"psi";
"23593.0480359";"Combustible usado";"0.05905332825617373";"L";
"23593.0480359";"Combustible usado (Hoy)";"0.059057";"L";
"23593.0480359";"Combustible usado (Semana)";"0.9232750000000001";"L";
"23593.0480359";"Combustible usado (total)";"2.708042";"L";
"23593.0480359";"Consumo instantáneo de combustible (l/h)";"3.7573385518591005";"L/h";
"23593.0480359";"Coste de combustible";"0.059643861538735465";"€";
"23593.0480359";"Coste de combustible (Hoy)";"0.05964757";"€";
"23593.0480359";"Coste de combustible (Semana)";"0.9325077500000001";"€";
"23593.0480359";"Coste de combustible (total)";"2.73512242";"€";
"23593.0480359";"Potencia instantánea del motor (basada en el consumo de combustible)";"14.699451999651355";"hp";
"23593.0480359";"Power from MAF";"13.440000000000001";"hp";
"23593.0480359";"Velocidad del flujo del aire MAF";"11.200000000000001";"g/sec";
"23593.20376";"Revoluciones del motor";"3427";"rpm";
"23593.20376";"Revoluciones del motor x1000";"3.4";"rpm";
"23593.5118212";"Presión absoluta en el colector de admisión";"3.770981188182";"psi";
"23593.5118212";"Sobrealimentación calculada";"-9.86256618449096";"psi";
"23593.6519187";"Combustible usado";"0.059634168457459724";"L";
"23593.6519187";"Combustible usado (Hoy)";"0.059638";"L";
"23593.6519187";"Combustible usado (Semana)";"0.923856";"L";
"23593.6519187";"Combustible usado (total)";"2.708623";"L";
"23593.6519187";"Consumo instantáneo de combustible (l/h)";"3.462119094213028";"L/h";
"23593.6519187";"Coste de combustible";"0.06023051014203432";"€";
"23593.6519187";"Coste de combustible (Hoy)";"0.06023438";"€";
"23593.6519187";"Coste de combustible (Semana)";"0.9330945600000001";"€";
"23593.6519187";"Coste de combustible (total)";"2.73570923";"€";
"23593.6519187";"Potencia instantánea del motor (basada en el consumo de combustible)";"13.544495056821605";"hp";
"23593.6519187";"Power from MAF";"12.384";"hp";
"23593.6519187";"Velocidad del flujo del aire MAF";"10.32";"g/sec";
"23593.8069913";"Revoluciones del motor";"3443";"rpm";
"23593.8069913";"Revoluciones del motor x1000";"3.4";"rpm";
"23594.1271892";"Presión absoluta en el colector de admisión";"2.030528332098";"psi";
"23594.1271892";"Sobrealimentación calculada";"-11.6030190405776";"psi";
"23594.2826759";"Combustible usado";"0.05991158600661637";"L";
"23594.2826759";"Combustible usado (Hoy)";"0.059915";"L";
"23594.2826759";"Combustible usado (Semana)";"0.9241330000000001";"L";
"23594.2826759";"Combustible usado (total)";"2.7089";"L";
"23594.2826759";"Consumo instantáneo de combustible (l/h)";"1.583449818283478";"L/h";
"23594.2826759";"Coste de combustible";"0.06051070186668253";"€";
"23594.2826759";"Coste de combustible (Hoy)";"0.06051415";"€";
"23594.2826759";"Coste de combustible (Semana)";"0.9333743300000001";"€";
"23594.2826759";"Coste de combustible (total)";"2.735989";"€";
"23594.2826759";"Potencia instantánea del motor (basada en el consumo de combustible)";"6.194769056995928";"hp";
"23594.2826759";"Power from MAF";"5.664";"hp";
"23594.2826759";"Velocidad del flujo del aire MAF";"4.72";"g/sec";
"23594.4386584";"Revoluciones del motor";"3394";"rpm";
"23594.4386584";"Revoluciones del motor x1000";"3.4";"rpm";
"23594.7517043";"Presión absoluta en el colector de admisión";"2.030528332098";"psi";
"23594.7517043";"Sobrealimentación calculada";"-11.6030190405776";"psi";
"23594.9102471";"Combustible usado";"0.060213910609356096";"L";
"23594.9102471";"Combustible usado (Hoy)";"0.060217";"L";
"23594.9102471";"Combustible usado (Semana)";"0.924435";"L";
"23594.9102471";"Combustible usado (total)";"2.709202";"L";
"23594.9102471";"Consumo instantáneo de combustible (l/h)";"1.734414313670674";"L/h";
"23594.9102471";"Coste de combustible";"0.060816049715449655";"€";
"23594.9102471";"Coste de combustible (Hoy)";"0.06081917";"€";
"23594.9102471";"Coste de combustible (Semana)";"0.9336793500000001";"€";
"23594.9102471";"Coste de combustible (total)";"2.73629402";"€";
"23594.9102471";"Potencia instantánea del motor (basada en el consumo de combustible)";"6.785372039124777";"hp";
"23594.9102471";"Power from MAF";"6.204";"hp";
"23594.9102471";"Velocidad del flujo del aire MAF";"5.17";"g/sec";
"23595.0636886";"Revoluciones del motor";"3365";"rpm";
"23595.0636886";"Revoluciones del motor x1000";"3.4";"rpm";
"23595.3511199";"Presión absoluta en el colector de admisión";"1.885490594091";"psi";
"23595.3511199";"Sobrealimentación calculada";"-11.74805677858482";"psi";
"23595.5080376";"Combustible usado";"0.060496932931972815";"L";
"23595.5080376";"Combustible usado (Hoy)";"0.0605";"L";
"23595.5080376";"Combustible usado (Semana)";"0.924718";"L";
"23595.5080376";"Combustible usado (total)";"2.709485";"L";
"23595.5080376";"Consumo instantáneo de combustible (l/h)";"1.7042214145932346";"L/h";
"23595.5080376";"Coste de combustible";"0.06110190226129254";"€";
"23595.5080376";"Coste de combustible (Hoy)";"0.061105";"€";
"23595.5080376";"Coste de combustible (Semana)";"0.9339651800000001";"€";
"23595.5080376";"Coste de combustible (total)";"2.73657985";"€";
"23595.5080376";"Potencia instantánea del motor (basada en el consumo de combustible)";"6.667251442699008";"hp";
"23595.5080376";"Power from MAF";"6.096";"hp";
"23595.5080376";"Velocidad del flujo del aire MAF";"5.08";"g/sec";
"23595.6627913";"Revoluciones del motor";"3297";"rpm";
"23595.6627913";"Revoluciones del motor x1000";"3.3";"rpm";
"23595.9626419";"Presión absoluta en el colector de admisión";"1.885490594091";"psi";
"23595.9626419";"Sobrealimentación calculada";"-11.74805677858482";"psi";
"23596.1284301";"Combustible usado";"0.06078252390261861";"L";
"23596.1284301";"Combustible usado (Hoy)";"0.060786";"L";
"23596.1284301";"Combustible usado (Semana)";"0.925004";"L";
"23596.1284301";"Combustible usado (total)";"2.7097709999999995";"L";
"23596.1284301";"Consumo instantáneo de combustible (l/h)";"1.6572546826949963";"L/h";
"23596.1284301";"Coste de combustible";"0.0613903491416448";"€";
"23596.1284301";"Coste de combustible (Hoy)";"0.06139386";"€";
"23596.1284301";"Coste de combustible (Semana)";"0.9342540400000001";"€";
"23596.1284301";"Coste de combustible (total)";"2.73686871";"€";
"23596.1284301";"Potencia instantánea del motor (basada en el consumo de combustible)";"6.483508292703367";"hp";
"23596.1284301";"Power from MAF";"5.928";"hp";
"23596.1284301";"Velocidad del flujo del aire MAF";"4.94";"g/sec";
"23596.3102646";"Revoluciones del motor";"3235";"rpm";
"23596.3102646";"Revoluciones del motor x1000";"3.2";"rpm";
"23596.6279683";"Presión absoluta en el colector de admisión";"1.885490594091";"psi";
"23596.6279683";"Sobrealimentación calculada";"-11.74805677858482";"psi";
"23596.7958776";"Combustible usado";"0.06108235377457835";"L";
"23596.7958776";"Combustible usado (Hoy)";"0.061086";"L";
"23596.7958776";"Combustible usado (Semana)";"0.925304";"L";
"23596.7958776";"Combustible usado (total)";"2.7100709999999997";"L";
"23596.7958776";"Consumo instantáneo de combustible (l/h)";"1.6169974839250771";"L/h";
"23596.7958776";"Coste de combustible";"0.061693177312324134";"€";
"23596.7958776";"Coste de combustible (Hoy)";"0.06169686";"€";
"23596.7958776";"Coste de combustible (Semana)";"0.9345570400000001";"€";
"23596.7958776";"Coste de combustible (total)";"2.73717171";"€";
"23596.7958776";"Potencia instantánea del motor (basada en el consumo de combustible)";"6.326014164135674";"hp";
"23596.7958776";"Power from MAF";"5.784";"hp";
"23596.7958776";"Velocidad del flujo del aire MAF";"4.82";"g/sec";
"23596.9544341";"Revoluciones del motor";"3169";"rpm";
"23596.9544341";"Revoluciones del motor x1000";"3.2";"rpm";
"23597.2714579";"Presión absoluta en el colector de admisión";"2.030528332098";"psi";
"23597.2714579";"Sobrealimentación calculada";"-11.6030190405776";"psi";
"23597.4253797";"Combustible usado";"0.061362747122449005";"L";
"23597.4253797";"Combustible usado (Hoy)";"0.061366";"L";
"23597.4253797";"Combustible usado (Semana)";"0.9255840000000001";"L";
"23597.4253797";"Combustible usado (total)";"2.7103509999999997";"L";
"23597.4253797";"Consumo instantáneo de combustible (l/h)";"1.6035784176684376";"L/h";
"23597.4253797";"Coste de combustible";"0.06197637459367349";"€";
"23597.4253797";"Coste de combustible (Hoy)";"0.06197966";"€";
"23597.4253797";"Coste de combustible (Semana)";"0.9348398400000001";"€";
"23597.4253797";"Coste de combustible (total)";"2.73745451";"€";
"23597.4253797";"Potencia instantánea del motor (basada en el consumo de combustible)";"6.273516121279777";"hp";
"23597.4253797";"Power from MAF";"5.736";"hp";
"23597.4253797";"Velocidad del flujo del aire MAF";"4.78";"g/sec";
"23597.5957114";"Revoluciones del motor";"3011";"rpm";
"23597.5957114";"Revoluciones del motor x1000";"3";"rpm";
"23597.9190806";"Presión absoluta en el colector de admisión";"1.885490594091";"psi";
"23597.9190806";"Sobrealimentación calculada";"-11.74805677858482";"psi";
"23598.0767769";"Combustible usado";"0.06164930020939337";"L";
"23598.0767769";"Combustible usado (Hoy)";"0.061653";"L";
"23598.0767769";"Combustible usado (Semana)";"0.925871";"L";
"23598.0767769";"Combustible usado (total)";"2.710638";"L";
"23598.0767769";"Consumo instantáneo de combustible (l/h)";"1.583449818283478";"L/h";
"23598.0767769";"Coste de combustible";"0.0622657932114873";"€";
"23598.0767769";"Coste de combustible (Hoy)";"0.06226953";"€";
"23598.0767769";"Coste de combustible (Semana)";"0.9351297100000001";"€";
"23598.0767769";"Coste de combustible (total)";"2.73774438";"€";
"23598.0767769";"Potencia instantánea del motor (basada en el consumo de combustible)";"6.194769056995928";"hp";
"23598.0767769";"Power from MAF";"5.664";"hp";
"23598.0767769";"Velocidad del flujo del aire MAF";"4.72";"g/sec";
"23598.2475271";"Revoluciones del motor";"2933";"rpm";
"23598.2475271";"Revoluciones del motor x1000";"2.9";"rpm";
"23598.5511868";"Presión absoluta en el colector de admisión";"1.740452856084";"psi";
"23598.5511868";"Sobrealimentación calculada";"-11.89309451659204";"psi";
"23598.7104431";"Combustible usado";"0.06196451770729664";"L";
"23598.7104431";"Combustible usado (Hoy)";"0.061968";"L";
"23598.7104431";"Combustible usado (Semana)";"0.9261860000000001";"L";
"23598.7104431";"Combustible usado (total)";"2.7109529999999995";"L";
"23598.7104431";"Consumo instantáneo de combustible (l/h)";"1.7914453452613925";"L/h";
"23598.7104431";"Coste de combustible";"0.0625841628843696";"€";
"23598.7104431";"Coste de combustible (Hoy)";"0.06258768";"€";
"23598.7104431";"Coste de combustible (Semana)";"0.9354478600000001";"€";
"23598.7104431";"Coste de combustible (total)";"2.73806253";"€";
"23598.7104431";"Potencia instantánea del motor (basada en el consumo de combustible)";"7.008488721262343";"hp";
"23598.7104431";"Power from MAF";"6.4079999999999995";"hp";
"23598.7104431";"Velocidad del flujo del aire MAF";"5.34";"g/sec";
"23598.8799763";"Revoluciones del motor";"3010";"rpm";
"23598.8799763";"Revoluciones del motor x1000";"3";"rpm";
"23599.2068439";"Presión absoluta en el colector de admisión";"2.755717022133";"psi";
"23599.2068439";"Sobrealimentación calculada";"-10.8778303505415";"psi";
"23599.3707136";"Combustible usado";"0.06253321546854909";"L";
"23599.3707136";"Combustible usado (Hoy)";"0.062537";"L";
"23599.3707136";"Combustible usado (Semana)";"0.926755";"L";
"23599.3707136";"Combustible usado (total)";"2.7115219999999995";"L";
"23599.3707136";"Consumo instantáneo de combustible (l/h)";"3.099804305283758";"L/h";
"23599.3707136";"Coste de combustible";"0.06315854762323458";"€";
"23599.3707136";"Coste de combustible (Hoy)";"0.06316237";"€";
"23599.3707136";"Coste de combustible (Semana)";"0.9360225500000001";"€";
"23599.3707136";"Coste de combustible (total)";"2.73863722";"€";
"23599.3707136";"Potencia instantánea del motor (basada en el consumo de combustible)";"12.127047899712368";"hp";
"23599.3707136";"Power from MAF";"11.088";"hp";
"23599.3707136";"Velocidad del flujo del aire MAF";"9.24";"g/sec";
"23599.5353917";"Revoluciones del motor";"3003";"rpm";
"23599.5353917";"Revoluciones del motor x1000";"3";"rpm";
"23599.8397376";"Presión absoluta en el colector de admisión";"5.366396306259";"psi";
"23599.8397376";"Sobrealimentación calculada";"-8.26715106641154";"psi";
"23600.0067619";"Combustible usado";"0.06347526342773277";"L";
"23600.0067619";"Combustible usado (Hoy)";"0.063479";"L";
"23600.0067619";"Combustible usado (Semana)";"0.927697";"L";
"23600.0067619";"Combustible usado (total)";"2.7124639999999998";"L";
"23600.0067619";"Consumo instantáneo de combustible (l/h)";"5.334078837014259";"L/h";
"23600.0067619";"Coste de combustible";"0.0641100160620101";"€";
"23600.0067619";"Coste de combustible (Hoy)";"0.06411378999999999";"€";
"23600.0067619";"Coste de combustible (Semana)";"0.93697397";"€";
"23600.0067619";"Coste de combustible (total)";"2.73958864";"€";
"23600.0067619";"Potencia instantánea del motor (basada en el consumo de combustible)";"20.86797203521934";"hp";
"23600.0067619";"Power from MAF";"19.08";"hp";
"23600.0067619";"Velocidad del flujo del aire MAF";"15.9";"g/sec";
"23600.1597622";"Revoluciones del motor";"3078";"rpm";
"23600.1597622";"Revoluciones del motor x1000";"3.1";"rpm";
"23600.4795056";"Presión absoluta en el colector de admisión";"6.091584996294";"psi";
"23600.4795056";"Sobrealimentación calculada";"-7.54196237637544";"psi";
"23600.6355788";"Combustible usado";"0.0644313660846147";"L";
"23600.6355788";"Combustible usado (Hoy)";"0.064435";"L";
"23600.6355788";"Combustible usado (Semana)";"0.9286530000000001";"L";
"23600.6355788";"Combustible usado (total)";"2.7134199999999997";"L";
"23600.6355788";"Consumo instantáneo de combustible (l/h)";"5.471624266144814";"L/h";
"23600.6355788";"Coste de combustible";"0.06507567974546084";"€";
"23600.6355788";"Coste de combustible (Hoy)";"0.06507935000000001";"€";
"23600.6355788";"Coste de combustible (Semana)";"0.9379395300000001";"€";
"23600.6355788";"Coste de combustible (total)";"2.7405542";"€";
"23600.6355788";"Potencia instantánea del motor (basada en el consumo de combustible)";"21.406076974492287";"hp";
"23600.6355788";"Power from MAF";"19.572";"hp";
"23600.6355788";"Velocidad del flujo del aire MAF";"16.31";"g/sec";
"23600.7949283";"Revoluciones del motor";"3113";"rpm";
"23600.7949283";"Revoluciones del motor x1000";"3.1";"rpm";
"23601.099348";"Presión absoluta en el colector de admisión";"5.511434044266";"psi";
"23601.099348";"Sobrealimentación calculada";"-8.12211332840432";"psi";
"23601.2437942";"Combustible usado";"0.06517596620706367";"L";
"23601.2437942";"Combustible usado (Hoy)";"0.06518";"L";
"23601.2437942";"Combustible usado (Semana)";"0.9293980000000001";"L";
"23601.2437942";"Combustible usado (total)";"2.7141649999999995";"L";
"23601.2437942";"Consumo instantáneo de combustible (l/h)";"4.408163265306123";"L/h";
"23601.2437942";"Coste de combustible";"0.06582772586913431";"€";
"23601.2437942";"Coste de combustible (Hoy)";"0.0658318";"€";
"23601.2437942";"Coste de combustible (Semana)";"0.9386919800000001";"€";
"23601.2437942";"Coste de combustible (total)";"2.7413066500000003";"€";
"23601.2437942";"Potencia instantánea del motor (basada en el consumo de combustible)";"17.245607078162394";"hp";
"23601.2437942";"Power from MAF";"15.768";"hp";
"23601.2437942";"Velocidad del flujo del aire MAF";"13.14";"g/sec";
"23601.3997225";"Revoluciones del motor";"3171";"rpm";
"23601.3997225";"Revoluciones del motor x1000";"3.2";"rpm";
"23601.6916772";"Presión absoluta en el colector de admisión";"4.786245354231";"psi";
"23601.6916772";"Sobrealimentación calculada";"-8.84730201844042";"psi";
"23601.8356393";"Combustible usado";"0.06601854251421119";"L";
"23601.8356393";"Combustible usado (Hoy)";"0.066023";"L";
"23601.8356393";"Combustible usado (Semana)";"0.9302410000000001";"L";
"23601.8356393";"Combustible usado (total)";"2.7150079999999996";"L";
"23601.8356393";"Consumo instantáneo de combustible (l/h)";"5.126083310036344";"L/h";
"23601.8356393";"Coste de combustible";"0.0666787279393533";"€";
"23601.8356393";"Coste de combustible (Hoy)";"0.06668323";"€";
"23601.8356393";"Coste de combustible (Semana)";"0.9395434100000001";"€";
"23601.8356393";"Coste de combustible (total)";"2.7421580800000003";"€";
"23601.8356393";"Potencia instantánea del motor (basada en el consumo de combustible)";"20.05425237095292";"hp";
"23601.8356393";"Power from MAF";"18.336000000000002";"hp";
"23601.8356393";"Velocidad del flujo del aire MAF";"15.280000000000001";"g/sec";
"23601.9996892";"Revoluciones del motor";"3225";"rpm";
"23601.9996892";"Revoluciones del motor x1000";"3.2";"rpm";
"23602.3034166";"Presión absoluta en el colector de admisión";"6.091584996294";"psi";
"23602.3034166";"Sobrealimentación calculada";"-7.54196237637544";"psi";
"23602.4431649";"Combustible usado";"0.06720093618935796";"L";
"23602.4431649";"Combustible usado (Hoy)";"0.067205";"L";
"23602.4431649";"Combustible usado (Semana)";"0.931423";"L";
"23602.4431649";"Combustible usado (total)";"2.7161899999999997";"L";
"23602.4431649";"Consumo instantáneo de combustible (l/h)";"7.0047525859658935";"L/h";
"23602.4431649";"Coste de combustible";"0.06787294555125155";"€";
"23602.4431649";"Coste de combustible (Hoy)";"0.06787705000000001";"€";
"23602.4431649";"Coste de combustible (Semana)";"0.9407372300000001";"€";
"23602.4431649";"Coste de combustible (total)";"2.7433519";"€";
"23602.4431649";"Potencia instantánea del motor (basada en el consumo de combustible)";"27.403978370778596";"hp";
"23602.4431649";"Power from MAF";"25.055999999999997";"hp";
"23602.4431649";"Velocidad del flujo del aire MAF";"20.88";"g/sec";
"23602.5981557";"Revoluciones del motor";"3326";"rpm";
"23602.5981557";"Revoluciones del motor x1000";"3.3";"rpm";
"23602.9233627";"Presión absoluta en el colector de admisión";"6.381660472308001";"psi";
"23602.9233627";"Sobrealimentación calculada";"-7.251886900361";"psi";
"23603.0795428";"Combustible usado";"0.0685586927889293";"L";
"23603.0795428";"Combustible usado (Hoy)";"0.068563";"L";
"23603.0795428";"Combustible usado (Semana)";"0.9327810000000001";"L";
"23603.0795428";"Combustible usado (total)";"2.717548";"L";
"23603.0795428";"Consumo instantáneo de combustible (l/h)";"7.682415431926198";"L/h";
"23603.0795428";"Coste de combustible";"0.0692442797168186";"€";
"23603.0795428";"Coste de combustible (Hoy)";"0.06924863";"€";
"23603.0795428";"Coste de combustible (Semana)";"0.9421088100000001";"€";
"23603.0795428";"Coste de combustible (total)";"2.74472348";"€";
"23603.0795428";"Potencia instantánea del motor (basada en el consumo de combustible)";"30.05512953500145";"hp";
"23603.0795428";"Power from MAF";"27.48";"hp";
"23603.0795428";"Velocidad del flujo del aire MAF";"22.900000000000002";"g/sec";
"23603.2282114";"Revoluciones del motor";"3425";"rpm";
"23603.2282114";"Revoluciones del motor x1000";"3.4";"rpm";
"23603.5428708";"Presión absoluta en el colector de admisión";"5.656471782273001";"psi";
"23603.5428708";"Sobrealimentación calculada";"-7.9770755903971";"psi";
"23603.7135449";"Combustible usado";"0.06955772695349924";"L";
"23603.7135449";"Combustible usado (Hoy)";"0.069562";"L";
"23603.7135449";"Combustible usado (Semana)";"0.93378";"L";
"23603.7135449";"Combustible usado (total)";"2.7185469999999996";"L";
"23603.7135449";"Consumo instantáneo de combustible (l/h)";"5.672910259994409";"L/h";
"23603.7135449";"Coste de combustible";"0.07025330422303423";"€";
"23603.7135449";"Coste de combustible (Hoy)";"0.07025761999999999";"€";
"23603.7135449";"Coste de combustible (Semana)";"0.9431178000000001";"€";
"23603.7135449";"Coste de combustible (total)";"2.74573247";"€";
"23603.7135449";"Potencia instantánea del motor (basada en el consumo de combustible)";"22.193547617330758";"hp";
"23603.7135449";"Power from MAF";"20.291999999999998";"hp";
"23603.7135449";"Velocidad del flujo del aire MAF";"16.91";"g/sec";
"23603.8830849";"Revoluciones del motor";"3491";"rpm";
"23603.8830849";"Revoluciones del motor x1000";"3.5";"rpm";
"23604.1672479";"Presión absoluta en el colector de admisión";"2.030528332098";"psi";
"23604.1672479";"Sobrealimentación calculada";"-11.6030190405776";"psi";
"23604.3272751";"Combustible usado";"0.06980657001891719";"L";
"23604.3272751";"Combustible usado (Hoy)";"0.069811";"L";
"23604.3272751";"Combustible usado (Semana)";"0.934029";"L";
"23604.3272751";"Combustible usado (total)";"2.7187959999999998";"L";
"23604.3272751";"Consumo instantáneo de combustible (l/h)";"1.4593234554095613";"L/h";
"23604.3272751";"Coste de combustible";"0.07050463571910635";"€";
"23604.3272751";"Coste de combustible (Hoy)";"0.07050911";"€";
"23604.3272751";"Coste de combustible (Semana)";"0.9433692900000001";"€";
"23604.3272751";"Coste de combustible (total)";"2.7459839600000002";"€";
"23604.3272751";"Potencia instantánea del motor (basada en el consumo de combustible)";"5.709162160578876";"hp";
"23604.3272751";"Power from MAF";"5.220000000000001";"hp";
"23604.3272751";"Velocidad del flujo del aire MAF";"4.3500000000000005";"g/sec";
"23604.4964828";"Revoluciones del motor";"3474";"rpm";
"23604.4964828";"Revoluciones del motor x1000";"3.5";"rpm";
"23604.8080559";"Presión absoluta en el colector de admisión";"1.885490594091";"psi";
"23604.8080559";"Sobrealimentación calculada";"-11.74805677858482";"psi";
"23604.9610098";"Combustible usado";"0.07011896574103069";"L";
"23604.9610098";"Combustible usado (Hoy)";"0.070123";"L";
"23604.9610098";"Combustible usado (Semana)";"0.9343410000000001";"L";
"23604.9610098";"Combustible usado (total)";"2.719108";"L";
"23604.9610098";"Consumo instantáneo de combustible (l/h)";"1.7746715124405927";"L/h";
"23604.9610098";"Coste de combustible";"0.070820155398441";"€";
"23604.9610098";"Coste de combustible (Hoy)";"0.07082423";"€";
"23604.9610098";"Coste de combustible (Semana)";"0.9436844100000001";"€";
"23604.9610098";"Coste de combustible (total)";"2.74629908";"€";
"23604.9610098";"Potencia instantánea del motor (basada en el consumo de combustible)";"6.942866167692469";"hp";
"23604.9610098";"Power from MAF";"6.348";"hp";
"23604.9610098";"Velocidad del flujo del aire MAF";"5.29";"g/sec";
"23605.1018821";"Revoluciones del motor";"3422";"rpm";
"23605.1018821";"Revoluciones del motor x1000";"3.4";"rpm";
"23605.3998824";"Presión absoluta en el colector de admisión";"1.885490594091";"psi";
"23605.3998824";"Sobrealimentación calculada";"-11.74805677858482";"psi";
"23605.5400908";"Combustible usado";"0.0703935810358774";"L";
"23605.5400908";"Combustible usado (Hoy)";"0.070398";"L";
"23605.5400908";"Combustible usado (Semana)";"0.934616";"L";
"23605.5400908";"Combustible usado (total)";"2.7193829999999997";"L";
"23605.5400908";"Consumo instantáneo de combustible (l/h)";"1.7075761811573946";"L/h";
"23605.5400908";"Coste de combustible";"0.07109751684623616";"€";
"23605.5400908";"Coste de combustible (Hoy)";"0.07110198000000001";"€";
"23605.5400908";"Coste de combustible (Semana)";"0.9439621600000001";"€";
"23605.5400908";"Coste de combustible (total)";"2.74657683";"€";
"23605.5400908";"Potencia instantánea del motor (basada en el consumo de combustible)";"6.680375953412982";"hp";
"23605.5400908";"Power from MAF";"6.108";"hp";
"23605.5400908";"Velocidad del flujo del aire MAF";"5.09";"g/sec";
"23605.6948431";"Revoluciones del motor";"3276";"rpm";
"23605.6948431";"Revoluciones del motor x1000";"3.3";"rpm";
"23606.0194628";"Presión absoluta en el colector de admisión";"1.885490594091";"psi";
"23606.0194628";"Sobrealimentación calculada";"-11.74805677858482";"psi";
"23606.1745145";"Combustible usado";"0.0706638132146119";"L";
"23606.1745145";"Combustible usado (Hoy)";"0.070668";"L";
"23606.1745145";"Combustible usado (Semana)";"0.934886";"L";
"23606.1745145";"Combustible usado (total)";"2.7196529999999997";"L";
"23606.1745145";"Consumo instantáneo de combustible (l/h)";"1.5331283198210792";"L/h";
"23606.1745145";"Coste de combustible";"0.07137045134675803";"€";
"23606.1745145";"Coste de combustible (Hoy)";"0.07137468";"€";
"23606.1745145";"Coste de combustible (Semana)";"0.9442348600000001";"€";
"23606.1745145";"Coste de combustible (total)";"2.74684953";"€";
"23606.1745145";"Potencia instantánea del motor (basada en el consumo de combustible)";"5.997901396286313";"hp";
"23606.1745145";"Power from MAF";"5.484";"hp";
"23606.1745145";"Velocidad del flujo del aire MAF";"4.57";"g/sec";
"23606.3284864";"Revoluciones del motor";"2988";"rpm";
"23606.3284864";"Revoluciones del motor x1000";"3";"rpm";
"23606.6039162";"Presión absoluta en el colector de admisión";"1.740452856084";"psi";
"23606.6039162";"Sobrealimentación calculada";"-11.89309451659204";"psi";
"23606.7436212";"Combustible usado";"0.07088808485034016";"L";
"23606.7436212";"Combustible usado (Hoy)";"0.070892";"L";
"23606.7436212";"Combustible usado (Semana)";"0.93511";"L";
"23606.7436212";"Combustible usado (total)";"2.719877";"L";
"23606.7436212";"Consumo instantáneo de combustible (l/h)";"1.4190662566396426";"L/h";
"23606.7436212";"Coste de combustible";"0.07159696569884356";"€";
"23606.7436212";"Coste de combustible (Hoy)";"0.07160092";"€";
"23606.7436212";"Coste de combustible (Semana)";"0.9444611";"€";
"23606.7436212";"Coste de combustible (total)";"2.74707577";"€";
"23606.7436212";"Potencia instantánea del motor (basada en el consumo de combustible)";"5.551668032011183";"hp";
"23606.7436212";"Power from MAF";"5.0760000000000005";"hp";
"23606.7436212";"Velocidad del flujo del aire MAF";"4.23";"g/sec";
"23606.8944858";"Revoluciones del motor";"2878";"rpm";
"23606.8944858";"Revoluciones del motor x1000";"2.9";"rpm";
"23607.1715914";"Presión absoluta en el colector de admisión";"2.030528332098";"psi";
"23607.1715914";"Sobrealimentación calculada";"-11.6030190405776";"psi";
"23607.3285624";"Combustible usado";"0.07152926775444975";"L";
"23607.3285624";"Combustible usado (Hoy)";"0.071533";"L";
"23607.3285624";"Combustible usado (Semana)";"0.935751";"L";
"23607.3285624";"Combustible usado (total)";"2.7205179999999998";"L";
"23607.3285624";"Consumo instantáneo de combustible (l/h)";"3.9452054794520546";"L/h";
"23607.3285624";"Coste de combustible";"0.07224456043199425";"€";
"23607.3285624";"Coste de combustible (Hoy)";"0.07224833";"€";
"23607.3285624";"Coste de combustible (Semana)";"0.9451085100000001";"€";
"23607.3285624";"Coste de combustible (total)";"2.74772318";"€";
"23607.3285624";"Potencia instantánea del motor (basada en el consumo de combustible)";"15.434424599633923";"hp";
"23607.3285624";"Power from MAF";"14.112";"hp";
"23607.3285624";"Velocidad del flujo del aire MAF";"11.76";"g/sec";
"23607.4597722";"Revoluciones del motor";"2937";"rpm";
"23607.4597722";"Revoluciones del motor x1000";"2.9";"rpm";
"23607.7626439";"Presión absoluta en el colector de admisión";"5.656471782273001";"psi";
"23607.7626439";"Sobrealimentación calculada";"-7.9770755903971";"psi";
"23607.9310682";"Combustible usado";"0.0729037886155065";"L";
"23607.9310682";"Combustible usado (Hoy)";"0.072908";"L";
"23607.9310682";"Combustible usado (Semana)";"0.937126";"L";
"23607.9310682";"Combustible usado (total)";"2.7218929999999997";"L";
"23607.9310682";"Consumo instantáneo de combustible (l/h)";"8.21246854906346";"L/h";
"23607.9310682";"Coste de combustible";"0.07363282650166157";"€";
"23607.9310682";"Coste de combustible (Hoy)";"0.07363708000000001";"€";
"23607.9310682";"Coste de combustible (Semana)";"0.9464972600000001";"€";
"23607.9310682";"Coste de combustible (total)";"2.74911193";"€";
"23607.9310682";"Potencia instantánea del motor (basada en el consumo de combustible)";"32.12880222780939";"hp";
"23607.9310682";"Power from MAF";"29.375999999999998";"hp";
"23607.9310682";"Velocidad del flujo del aire MAF";"24.48";"g/sec";
"23608.0804922";"Revoluciones del motor";"3046";"rpm";
"23608.0804922";"Revoluciones del motor x1000";"3";"rpm";
"23608.379171";"Presión absoluta en el colector de admisión";"6.816773686329";"psi";
"23608.379171";"Sobrealimentación calculada";"-6.81677368633934";"psi";
"23608.5236262";"Combustible usado";"0.07434525696971395";"L";
"23608.5236262";"Combustible usado (Hoy)";"0.074349";"L";
"23608.5236262";"Combustible usado (Semana)";"0.938567";"L";
"23608.5236262";"Combustible usado (total)";"2.7233339999999995";"L";
"23608.5236262";"Consumo instantáneo de combustible (l/h)";"8.759295499021526";"L/h";
"23608.5236262";"Coste de combustible";"0.07508870953941109";"€";
"23608.5236262";"Coste de combustible (Hoy)";"0.07509249";"€";
"23608.5236262";"Coste de combustible (Semana)";"0.94795267";"€";
"23608.5236262";"Coste de combustible (total)";"2.75056734";"€";
"23608.5236262";"Potencia instantánea del motor (basada en el consumo de combustible)";"34.26809747418722";"hp";
"23608.5236262";"Power from MAF";"31.331999999999997";"hp";
"23608.5236262";"Velocidad del flujo del aire MAF";"26.11";"g/sec";
"23608.6908892";"Revoluciones del motor";"3182";"rpm";
"23608.6908892";"Revoluciones del motor x1000";"3.2";"rpm";
"23609.0111449";"Presión absoluta en el colector de admisión";"6.816773686329";"psi";
"23609.0111449";"Sobrealimentación calculada";"-6.81677368633934";"psi";
"23609.1518258";"Combustible usado";"0.0759663339716709";"L";
"23609.1518258";"Combustible usado (Hoy)";"0.07597";"L";
"23609.1518258";"Combustible usado (Semana)";"0.940188";"L";
"23609.1518258";"Combustible usado (total)";"2.7249549999999996";"L";
"23609.1518258";"Consumo instantáneo de combustible (l/h)";"9.289348616158794";"L/h";
"23609.1518258";"Coste de combustible";"0.0767259973113876";"€";
"23609.1518258";"Coste de combustible (Hoy)";"0.0767297";"€";
"23609.1518258";"Coste de combustible (Semana)";"0.9495898800000001";"€";
"23609.1518258";"Coste de combustible (total)";"2.75220455";"€";
"23609.1518258";"Potencia instantánea del motor (basada en el consumo de combustible)";"36.34177016699519";"hp";
"23609.1518258";"Power from MAF";"33.228";"hp";
"23609.1518258";"Velocidad del flujo del aire MAF";"27.69";"g/sec";
"23609.3084322";"Revoluciones del motor";"3316";"rpm";
"23609.3084322";"Revoluciones del motor x1000";"3.3";"rpm";
"23609.6232936";"Presión absoluta en el colector de admisión";"6.236622734301";"psi";
"23609.6232936";"Sobrealimentación calculada";"-7.39692463836822";"psi";
"23609.7859486";"Combustible usado";"0.07739595106588393";"L";
"23609.7859486";"Combustible usado (Hoy)";"0.0774";"L";
"23609.7859486";"Combustible usado (Semana)";"0.9416180000000001";"L";
"23609.7859486";"Combustible usado (total)";"2.7263849999999996";"L";
"23609.7859486";"Consumo instantáneo de combustible (l/h)";"8.111825552138665";"L/h";
"23609.7859486";"Coste de combustible";"0.07816991057654277";"€";
"23609.7859486";"Coste de combustible (Hoy)";"0.078174";"€";
"23609.7859486";"Coste de combustible (Semana)";"0.9510341800000001";"€";
"23609.7859486";"Coste de combustible (total)";"2.7536488500000003";"€";
"23609.7859486";"Potencia instantánea del motor (basada en el consumo de combustible)";"31.73506690639016";"hp";
"23609.7859486";"Power from MAF";"29.016";"hp";
"23609.7859486";"Velocidad del flujo del aire MAF";"24.18";"g/sec";
"23609.9377049";"Revoluciones del motor";"3451";"rpm";
"23609.9377049";"Revoluciones del motor x1000";"3.5";"rpm";
"23610.2477135";"Presión absoluta en el colector de admisión";"5.9465472582870005";"psi";
"23610.2477135";"Sobrealimentación calculada";"-7.68700011438266";"psi";
"23610.371691";"Combustible usado";"0.07841602186357287";"L";
"23610.371691";"Combustible usado (Hoy)";"0.07842";"L";
"23610.371691";"Combustible usado (Semana)";"0.9426380000000001";"L";
"23610.371691";"Combustible usado (total)";"2.7274049999999996";"L";
"23610.371691";"Consumo instantáneo de combustible (l/h)";"6.273413474979033";"L/h";
"23610.371691";"Coste de combustible";"0.0792001820822086";"€";
"23610.371691";"Coste de combustible (Hoy)";"0.0792042";"€";
"23610.371691";"Coste de combustible (Semana)";"0.9520643800000002";"€";
"23610.371691";"Coste de combustible (total)";"2.75467905";"€";
"23610.371691";"Potencia instantánea del motor (basada en el consumo de combustible)";"24.54283503513217";"hp";
"23610.371691";"Power from MAF";"22.439999999999998";"hp";
"23610.371691";"Velocidad del flujo del aire MAF";"18.7";"g/sec";
"23610.5278139";"Revoluciones del motor";"3481";"rpm";
"23610.5278139";"Revoluciones del motor x1000";"3.5";"rpm";
"23610.8422938";"Presión absoluta en el colector de admisión";"1.885490594091";"psi";
"23610.8422938";"Sobrealimentación calculada";"-11.74805677858482";"psi";
"23610.9897745";"Combustible usado";"0.07869477501313954";"L";
"23610.9897745";"Combustible usado (Hoy)";"0.078699";"L";
"23610.9897745";"Combustible usado (Semana)";"0.942917";"L";
"23610.9897745";"Combustible usado (total)";"2.7276839999999996";"L";
"23610.9897745";"Consumo instantáneo de combustible (l/h)";"1.6237070170533967";"L/h";
"23610.9897745";"Coste de combustible";"0.07948172276327094";"€";
"23610.9897745";"Coste de combustible (Hoy)";"0.07948599";"€";
"23610.9897745";"Coste de combustible (Semana)";"0.9523461700000001";"€";
"23610.9897745";"Coste de combustible (total)";"2.75496084";"€";
"23610.9897745";"Potencia instantánea del motor (basada en el consumo de combustible)";"6.352263185563621";"hp";
"23610.9897745";"Power from MAF";"5.808";"hp";
"23610.9897745";"Velocidad del flujo del aire MAF";"4.84";"g/sec";
"23611.13858";"Revoluciones del motor";"2990";"rpm";
"23611.13858";"Revoluciones del motor x1000";"3";"rpm";
"23611.4391046";"Presión absoluta en el colector de admisión";"2.320603808112";"psi";
"23611.4391046";"Sobrealimentación calculada";"-11.31294356456316";"psi";
"23611.5914316";"Combustible usado";"0.07923134309057873";"L";
"23611.5914316";"Combustible usado (Hoy)";"0.079236";"L";
"23611.5914316";"Combustible usado (Semana)";"0.943454";"L";
"23611.5914316";"Combustible usado (total)";"2.7282209999999996";"L";
"23611.5914316";"Consumo instantáneo de combustible (l/h)";"3.210511601901035";"L/h";
"23611.5914316";"Coste de combustible";"0.08002365652148452";"€";
"23611.5914316";"Coste de combustible (Hoy)";"0.08002836";"€";
"23611.5914316";"Coste de combustible (Semana)";"0.9528885400000001";"€";
"23611.5914316";"Coste de combustible (total)";"2.75550321";"€";
"23611.5914316";"Potencia instantánea del motor (basada en el consumo de combustible)";"12.560156753273526";"hp";
"23611.5914316";"Power from MAF";"11.484";"hp";
"23611.5914316";"Velocidad del flujo del aire MAF";"9.57";"g/sec";
"23611.7418499";"Revoluciones del motor";"2329";"rpm";
"23611.7418499";"Revoluciones del motor x1000";"2.3";"rpm";
"23612.0384437";"Presión absoluta en el colector de admisión";"5.076320830245001";"psi";
"23612.0384437";"Sobrealimentación calculada";"-8.55722654242598";"psi";
"23612.2024956";"Combustible usado";"0.07982424027033831";"L";
"23612.2024956";"Combustible usado (Hoy)";"0.079829";"L";
"23612.2024956";"Combustible usado (Semana)";"0.9440470000000001";"L";
"23612.2024956";"Combustible usado (total)";"2.728814";"L";
"23612.2024956";"Consumo instantáneo de combustible (l/h)";"3.4923119932904667";"L/h";
"23612.2024956";"Coste de combustible";"0.0806224826730417";"€";
"23612.2024956";"Coste de combustible (Hoy)";"0.08062729";"€";
"23612.2024956";"Coste de combustible (Semana)";"0.9534874700000001";"€";
"23612.2024956";"Coste de combustible (total)";"2.75610214";"€";
"23612.2024956";"Potencia instantánea del motor (basada en el consumo de combustible)";"13.662615653247377";"hp";
"23612.2024956";"Power from MAF";"12.491999999999999";"hp";
"23612.2024956";"Velocidad del flujo del aire MAF";"10.41";"g/sec";
"23612.3437682";"Revoluciones del motor";"2330";"rpm";
"23612.3437682";"Revoluciones del motor x1000";"2.3";"rpm";
"23612.6465659";"Presión absoluta en el colector de admisión";"5.076320830245001";"psi";
"23612.6465659";"Sobrealimentación calculada";"-8.55722654242598";"psi";
"23612.7987662";"Combustible usado";"0.08029932929466037";"L";
"23612.7987662";"Combustible usado (Hoy)";"0.080304";"L";
"23612.7987662";"Combustible usado (Semana)";"0.9445220000000001";"L";
"23612.7987662";"Combustible usado (total)";"2.7292889999999996";"L";
"23612.7987662";"Consumo instantáneo de combustible (l/h)";"2.868325412356724";"L/h";
"23612.7987662";"Coste de combustible";"0.08110232258760697";"€";
"23612.7987662";"Coste de combustible (Hoy)";"0.08110704";"€";
"23612.7987662";"Coste de combustible (Semana)";"0.9539672200000001";"€";
"23612.7987662";"Coste de combustible (total)";"2.75658189";"€";
"23612.7987662";"Potencia instantánea del motor (basada en el consumo de combustible)";"11.221456660448132";"hp";
"23612.7987662";"Power from MAF";"10.26";"hp";
"23612.7987662";"Velocidad del flujo del aire MAF";"8.55";"g/sec";
"23612.9307425";"Revoluciones del motor";"2360";"rpm";
"23612.9307425";"Revoluciones del motor x1000";"2.4";"rpm";
"23613.2159406";"Presión absoluta en el colector de admisión";"4.061056664196";"psi";
"23613.2159406";"Sobrealimentación calculada";"-9.57249070847652";"psi";
"23613.3722059";"Combustible usado";"0.08068781720128604";"L";
"23613.3722059";"Combustible usado (Hoy)";"0.080692";"L";
"23613.3722059";"Combustible usado (Semana)";"0.94491";"L";
"23613.3722059";"Combustible usado (total)";"2.7296769999999997";"L";
"23613.3722059";"Consumo instantáneo de combustible (l/h)";"2.438915292144255";"L/h";
"23613.3722059";"Coste de combustible";"0.0814946953732989";"€";
"23613.3722059";"Coste de combustible (Hoy)";"0.08149892";"€";
"23613.3722059";"Coste de combustible (Semana)";"0.9543591000000001";"€";
"23613.3722059";"Coste de combustible (total)";"2.75697377";"€";
"23613.3722059";"Potencia instantánea del motor (basada en el consumo de combustible)";"9.541519289059407";"hp";
"23613.3722059";"Power from MAF";"8.724";"hp";
"23613.3722059";"Velocidad del flujo del aire MAF";"7.2700000000000005";"g/sec";
"23613.5146209";"Revoluciones del motor";"2377";"rpm";
"23613.5146209";"Revoluciones del motor x1000";"2.4";"rpm";
"23613.8159166";"Presión absoluta en el colector de admisión";"2.465641546119";"psi";
"23613.8159166";"Sobrealimentación calculada";"-11.16790582655594";"psi";
"23613.9823679";"Combustible usado";"0.08090730062855284";"L";
"23613.9823679";"Combustible usado (Hoy)";"0.080911";"L";
"23613.9823679";"Combustible usado (Semana)";"0.945129";"L";
"23613.9823679";"Combustible usado (total)";"2.7298959999999997";"L";
"23613.9823679";"Consumo instantáneo de combustible (l/h)";"1.2949398937657255";"L/h";
"23613.9823679";"Coste de combustible";"0.08171637363483837";"€";
"23613.9823679";"Coste de combustible (Hoy)";"0.08172011";"€";
"23613.9823679";"Coste de combustible (Semana)";"0.9545802900000001";"€";
"23613.9823679";"Coste de combustible (total)";"2.75719496";"€";
"23613.9823679";"Potencia instantánea del motor (basada en el consumo de combustible)";"5.066061135594128";"hp";
"23613.9823679";"Power from MAF";"4.632";"hp";
"23613.9823679";"Velocidad del flujo del aire MAF";"3.86";"g/sec";
"23614.1240744";"Revoluciones del motor";"2357";"rpm";
"23614.1240744";"Revoluciones del motor x1000";"2.4";"rpm";
"23614.4348665";"Presión absoluta en el colector de admisión";"1.740452856084";"psi";
"23614.4348665";"Sobrealimentación calculada";"-11.89309451659204";"psi";
"23614.5988264";"Combustible usado";"0.08112750678371079";"L";
"23614.5988264";"Combustible usado (Hoy)";"0.081131";"L";
"23614.5988264";"Combustible usado (Semana)";"0.945349";"L";
"23614.5988264";"Combustible usado (total)";"2.7301159999999998";"L";
"23614.5988264";"Consumo instantáneo de combustible (l/h)";"1.284875594073246";"L/h";
"23614.5988264";"Coste de combustible";"0.0819387818515479";"€";
"23614.5988264";"Coste de combustible (Hoy)";"0.08194230999999999";"€";
"23614.5988264";"Coste de combustible (Semana)";"0.9548024900000001";"€";
"23614.5988264";"Coste de combustible (total)";"2.75741716";"€";
"23614.5988264";"Potencia instantánea del motor (basada en el consumo de combustible)";"5.026687603452205";"hp";
"23614.5988264";"Power from MAF";"4.596";"hp";
"23614.5988264";"Velocidad del flujo del aire MAF";"3.83";"g/sec";
"23614.7544839";"Revoluciones del motor";"2347";"rpm";
"23614.7544839";"Revoluciones del motor x1000";"2.3";"rpm";
"23615.0465726";"Presión absoluta en el colector de admisión";"2.030528332098";"psi";
"23615.0465726";"Sobrealimentación calculada";"-11.6030190405776";"psi";
"23615.1993031";"Combustible usado";"0.08131869479097946";"L";
"23615.1993031";"Combustible usado (Hoy)";"0.081322";"L";
"23615.1993031";"Combustible usado (Semana)";"0.94554";"L";
"23615.1993031";"Combustible usado (total)";"2.730307";"L";
"23615.1993031";"Consumo instantáneo de combustible (l/h)";"1.1473301649426895";"L/h";
"23615.1993031";"Coste de combustible";"0.08213188173888926";"€";
"23615.1993031";"Coste de combustible (Hoy)";"0.08213522000000001";"€";
"23615.1993031";"Coste de combustible (Semana)";"0.9549954";"€";
"23615.1993031";"Coste de combustible (total)";"2.75761007";"€";
"23615.1993031";"Potencia instantánea del motor (basada en el consumo de combustible)";"4.488582664179254";"hp";
"23615.1993031";"Power from MAF";"4.104";"hp";
"23615.1993031";"Velocidad del flujo del aire MAF";"3.42";"g/sec";
"23615.3427953";"Revoluciones del motor";"2328";"rpm";
"23615.3427953";"Revoluciones del motor x1000";"2.3";"rpm";
"23615.6681369";"Presión absoluta en el colector de admisión";"1.885490594091";"psi";
"23615.6681369";"Sobrealimentación calculada";"-11.74805677858482";"psi";
"23615.8272308";"Combustible usado";"0.08150889029699009";"L";
"23615.8272308";"Combustible usado (Hoy)";"0.081512";"L";
"23615.8272308";"Combustible usado (Semana)";"0.9457300000000001";"L";
"23615.8272308";"Combustible usado (total)";"2.7304969999999997";"L";
"23615.8272308";"Consumo instantáneo de combustible (l/h)";"1.0902991333519712";"L/h";
"23615.8272308";"Coste de combustible";"0.08232397919995998";"€";
"23615.8272308";"Coste de combustible (Hoy)";"0.08232712";"€";
"23615.8272308";"Coste de combustible (Semana)";"0.9551873000000001";"€";
"23615.8272308";"Coste de combustible (total)";"2.75780197";"€";
"23615.8272308";"Potencia instantánea del motor (basada en el consumo de combustible)";"4.265465982041689";"hp";
"23615.8272308";"Power from MAF";"3.9";"hp";
"23615.8272308";"Velocidad del flujo del aire MAF";"3.25";"g/sec";
"23615.9835206";"Revoluciones del motor";"2253";"rpm";
"23615.9835206";"Revoluciones del motor x1000";"2.3";"rpm";
"23616.2712113";"Presión absoluta en el colector de admisión";"1.885490594091";"psi";
"23616.2712113";"Sobrealimentación calculada";"-11.74805677858482";"psi";
"23616.4343135";"Combustible usado";"0.08168482541114534";"L";
"23616.4343135";"Combustible usado (Hoy)";"0.081688";"L";
"23616.4343135";"Combustible usado (Semana)";"0.945906";"L";
"23616.4343135";"Combustible usado (total)";"2.730673";"L";
"23616.4343135";"Consumo instantáneo de combustible (l/h)";"1.0433324014537322";"L/h";
"23616.4343135";"Coste de combustible";"0.08250167366525679";"€";
"23616.4343135";"Coste de combustible (Hoy)";"0.08250488";"€";
"23616.4343135";"Coste de combustible (Semana)";"0.9553650600000001";"€";
"23616.4343135";"Coste de combustible (total)";"2.75797973";"€";
"23616.4343135";"Potencia instantánea del motor (basada en el consumo de combustible)";"4.081722832046046";"hp";
"23616.4343135";"Power from MAF";"3.7319999999999998";"hp";
"23616.4343135";"Velocidad del flujo del aire MAF";"3.11";"g/sec";
"23616.6001314";"Revoluciones del motor";"2153";"rpm";
"23616.6001314";"Revoluciones del motor x1000";"2.2";"rpm";
"23616.9273895";"Presión absoluta en el colector de admisión";"2.030528332098";"psi";
"23616.9273895";"Sobrealimentación calculada";"-11.6030190405776";"psi";
"23617.1198899";"Combustible usado";"0.08187262409607685";"L";
"23617.1198899";"Combustible usado (Hoy)";"0.081876";"L";
"23617.1198899";"Combustible usado (Semana)";"0.946094";"L";
"23617.1198899";"Combustible usado (total)";"2.7308609999999995";"L";
"23617.1198899";"Consumo instantáneo de combustible (l/h)";"0.9863013698630136";"L/h";
"23617.1198899";"Coste de combustible";"0.08269135033703762";"€";
"23617.1198899";"Coste de combustible (Hoy)";"0.08269476";"€";
"23617.1198899";"Coste de combustible (Semana)";"0.9555549400000001";"€";
"23617.1198899";"Coste de combustible (total)";"2.75816961";"€";
"23617.1198899";"Potencia instantánea del motor (basada en el consumo de combustible)";"3.8586061499084807";"hp";
"23617.1198899";"Power from MAF";"3.528";"hp";
"23617.1198899";"Velocidad del flujo del aire MAF";"2.94";"g/sec";
"23617.2713941";"Revoluciones del motor";"2018";"rpm";
"23617.2713941";"Revoluciones del motor x1000";"2";"rpm";
"23617.5599412";"Presión absoluta en el colector de admisión";"1.740452856084";"psi";
"23617.5599412";"Sobrealimentación calculada";"-11.89309451659204";"psi";
"23617.7160304";"Combustible usado";"0.08201039677411244";"L";
"23617.7160304";"Combustible usado (Hoy)";"0.082014";"L";
"23617.7160304";"Combustible usado (Semana)";"0.9462320000000001";"L";
"23617.7160304";"Combustible usado (total)";"2.7309989999999997";"L";
"23617.7160304";"Consumo instantáneo de combustible (l/h)";"0.8319821079116579";"L/h";
"23617.7160304";"Coste de combustible";"0.08283050074185357";"€";
"23617.7160304";"Coste de combustible (Hoy)";"0.08283414";"€";
"23617.7160304";"Coste de combustible (Semana)";"0.9556943200000001";"€";
"23617.7160304";"Coste de combustible (total)";"2.75830899";"€";
"23617.7160304";"Potencia instantánea del motor (basada en el consumo de combustible)";"3.254878657065657";"hp";
"23617.7160304";"Power from MAF";"2.976";"hp";
"23617.7160304";"Velocidad del flujo del aire MAF";"2.48";"g/sec";
"23617.8825526";"Revoluciones del motor";"1870";"rpm";
"23617.8825526";"Revoluciones del motor x1000";"1.9";"rpm";
"23618.1958184";"Presión absoluta en el colector de admisión";"1.885490594091";"psi";
"23618.1958184";"Sobrealimentación calculada";"-11.74805677858482";"psi";
"23618.3644939";"Combustible usado";"0.08215001831031596";"L";
"23618.3644939";"Combustible usado (Hoy)";"0.082154";"L";
"23618.3644939";"Combustible usado (Semana)";"0.946372";"L";
"23618.3644939";"Combustible usado (total)";"2.7311389999999998";"L";
"23618.3644939";"Consumo instantáneo de combustible (l/h)";"0.7749510763209395";"L/h";
"23618.3644939";"Coste de combustible";"0.08297151849341912";"€";
"23618.3644939";"Coste de combustible (Hoy)";"0.08297554";"€";
"23618.3644939";"Coste de combustible (Semana)";"0.95583572";"€";
"23618.3644939";"Coste de combustible (total)";"2.75845039";"€";
"23618.3644939";"Potencia instantánea del motor (basada en el consumo de combustible)";"3.031761974928092";"hp";
"23618.3644939";"Power from MAF";"2.772";"hp";
"23618.3644939";"Velocidad del flujo del aire MAF";"2.31";"g/sec";
"23618.5307996";"Revoluciones del motor";"1815";"rpm";
"23618.5307996";"Revoluciones del motor x1000";"1.8";"rpm";
"23618.8314732";"Presión absoluta en el colector de admisión";"1.5954151180770002";"psi";
"23618.8314732";"Sobrealimentación calculada";"-12.03813225459926";"psi";
"23618.9983495";"Combustible usado";"0.08228348256714198";"L";
"23618.9983495";"Combustible usado (Hoy)";"0.082287";"L";
"23618.9983495";"Combustible usado (Semana)";"0.946505";"L";
"23618.9983495";"Combustible usado (total)";"2.7312719999999997";"L";
"23618.9983495";"Consumo instantáneo de combustible (l/h)";"0.7581772435001399";"L/h";
"23618.9983495";"Coste de combustible";"0.08310631739281339";"€";
"23618.9983495";"Coste de combustible (Hoy)";"0.08310987";"€";
"23618.9983495";"Coste de combustible (Semana)";"0.9559700500000001";"€";
"23618.9983495";"Coste de combustible (total)";"2.75858472";"€";
"23618.9983495";"Potencia instantánea del motor (basada en el consumo de combustible)";"2.9661394213582204";"hp";
"23618.9983495";"Power from MAF";"2.712";"hp";
"23618.9983495";"Velocidad del flujo del aire MAF";"2.2600000000000002";"g/sec";
"23619.1674188";"Revoluciones del motor";"1790";"rpm";
"23619.1674188";"Revoluciones del motor x1000";"1.8";"rpm";
"23619.4950353";"Presión absoluta en el colector de admisión";"1.5954151180770002";"psi";
"23619.4950353";"Sobrealimentación calculada";"-12.03813225459926";"psi";
"23619.6599751";"Combustible usado";"0.08242161256061882";"L";
"23619.6599751";"Combustible usado (Hoy)";"0.082425";"L";
"23619.6599751";"Combustible usado (Semana)";"0.946643";"L";
"23619.6599751";"Combustible usado (total)";"2.73141";"L";
"23619.6599751";"Consumo instantáneo de combustible (l/h)";"0.7514677103718201";"L/h";
"23619.6599751";"Coste de combustible";"0.08324582868622502";"€";
"23619.6599751";"Coste de combustible (Hoy)";"0.08324925";"€";
"23619.6599751";"Coste de combustible (Semana)";"0.9561094300000001";"€";
"23619.6599751";"Coste de combustible (total)";"2.7587241000000002";"€";
"23619.6599751";"Potencia instantánea del motor (basada en el consumo de combustible)";"2.9398903999302717";"hp";
"23619.6599751";"Power from MAF";"2.688";"hp";
"23619.6599751";"Velocidad del flujo del aire MAF";"2.24";"g/sec";
"23619.8281467";"Revoluciones del motor";"1794";"rpm";
"23619.8281467";"Revoluciones del motor x1000";"1.8";"rpm";
"23620.1395369";"Presión absoluta en el colector de admisión";"1.740452856084";"psi";
"23620.1395369";"Sobrealimentación calculada";"-11.89309451659204";"psi";
"23620.3002373";"Combustible usado";"0.08256776498071014";"L";
"23620.3002373";"Combustible usado (Hoy)";"0.082571";"L";
"23620.3002373";"Combustible usado (Semana)";"0.9467890000000001";"L";
"23620.3002373";"Combustible usado (total)";"2.731556";"L";
"23620.3002373";"Consumo instantáneo de combustible (l/h)";"0.8219178082191783";"L/h";
"23620.3002373";"Coste de combustible";"0.08339344263051725";"€";
"23620.3002373";"Coste de combustible (Hoy)";"0.08339671000000001";"€";
"23620.3002373";"Coste de combustible (Semana)";"0.9562568900000001";"€";
"23620.3002373";"Coste de combustible (total)";"2.7588715600000002";"€";
"23620.3002373";"Potencia instantánea del motor (basada en el consumo de combustible)";"3.2155051249237343";"hp";
"23620.3002373";"Power from MAF";"2.94";"hp";
"23620.3002373";"Velocidad del flujo del aire MAF";"2.45";"g/sec";
"23620.4663391";"Revoluciones del motor";"1757";"rpm";
"23620.4663391";"Revoluciones del motor x1000";"1.8";"rpm";
"23620.7789379";"Presión absoluta en el colector de admisión";"1.740452856084";"psi";
"23620.7789379";"Sobrealimentación calculada";"-11.89309451659204";"psi";
"23620.9363493";"Combustible usado";"0.08270590590606658";"L";
"23620.9363493";"Combustible usado (Hoy)";"0.082709";"L";
"23620.9363493";"Combustible usado (Semana)";"0.9469270000000001";"L";
"23620.9363493";"Combustible usado (total)";"2.7316939999999996";"L";
"23620.9363493";"Consumo instantáneo de combustible (l/h)";"0.7816606094492593";"L/h";
"23620.9363493";"Coste de combustible";"0.08353296496512724";"€";
"23620.9363493";"Coste de combustible (Hoy)";"0.08353609000000001";"€";
"23620.9363493";"Coste de combustible (Semana)";"0.9563962700000002";"€";
"23620.9363493";"Coste de combustible (total)";"2.75901094";"€";
"23620.9363493";"Potencia instantánea del motor (basada en el consumo de combustible)";"3.0580109963560416";"hp";
"23620.9363493";"Power from MAF";"2.796";"hp";
"23620.9363493";"Velocidad del flujo del aire MAF";"2.33";"g/sec";
"23621.1031468";"Revoluciones del motor";"1724";"rpm";
"23621.1031468";"Revoluciones del motor x1000";"1.7";"rpm";
"23621.4002048";"Presión absoluta en el colector de admisión";"1.885490594091";"psi";
"23621.4002048";"Sobrealimentación calculada";"-11.74805677858482";"psi";
"23621.5552355";"Combustible usado";"0.08283449176665739";"L";
"23621.5552355";"Combustible usado (Hoy)";"0.082838";"L";
"23621.5552355";"Combustible usado (Semana)";"0.947056";"L";
"23621.5552355";"Combustible usado (total)";"2.731823";"L";
"23621.5552355";"Consumo instantáneo de combustible (l/h)";"0.7481129438076602";"L/h";
"23621.5552355";"Coste de combustible";"0.08366283668432396";"€";
"23621.5552355";"Coste de combustible (Hoy)";"0.08366638";"€";
"23621.5552355";"Coste de combustible (Semana)";"0.9565265600000001";"€";
"23621.5552355";"Coste de combustible (total)";"2.75914123";"€";
"23621.5552355";"Potencia instantánea del motor (basada en el consumo de combustible)";"2.9267658892162967";"hp";
"23621.5552355";"Power from MAF";"2.6759999999999997";"hp";
"23621.5552355";"Velocidad del flujo del aire MAF";"2.23";"g/sec";
"23621.6989787";"Revoluciones del motor";"1552";"rpm";
"23621.6989787";"Revoluciones del motor x1000";"1.6";"rpm";
"23621.9956788";"Presión absoluta en el colector de admisión";"1.740452856084";"psi";
"23621.9956788";"Sobrealimentación calculada";"-11.89309451659204";"psi";
"23622.1511363";"Combustible usado";"0.0829255800350387";"L";
"23622.1511363";"Combustible usado (Hoy)";"0.082929";"L";
"23622.1511363";"Combustible usado (Semana)";"0.9471470000000001";"L";
"23622.1511363";"Combustible usado (total)";"2.7319139999999997";"L";
"23622.1511363";"Consumo instantáneo de combustible (l/h)";"0.5501817165222255";"L/h";
"23622.1511363";"Coste de combustible";"0.08375483583538909";"€";
"23622.1511363";"Coste de combustible (Hoy)";"0.08375829";"€";
"23622.1511363";"Coste de combustible (Semana)";"0.9566184700000001";"€";
"23622.1511363";"Coste de combustible (total)";"2.75923314";"€";
"23622.1511363";"Potencia instantánea del motor (basada en el consumo de combustible)";"2.1524197570918058";"hp";
"23622.1511363";"Power from MAF";"1.968";"hp";
"23622.1511363";"Velocidad del flujo del aire MAF";"1.6400000000000001";"g/sec";
"23622.3080975";"Revoluciones del motor";"1120";"rpm";
"23622.3080975";"Revoluciones del motor x1000";"1.1";"rpm";
"23622.6268988";"Presión absoluta en el colector de admisión";"1.885490594091";"psi";
"23622.6268988";"Sobrealimentación calculada";"-11.74805677858482";"psi";
"23622.7548399";"Combustible usado";"0.08300546184325788";"L";
"23622.7548399";"Combustible usado (Hoy)";"0.083009";"L";
"23622.7548399";"Combustible usado (Semana)";"0.947227";"L";
"23622.7548399";"Combustible usado (total)";"2.731994";"L";
"23622.7548399";"Consumo instantáneo de combustible (l/h)";"0.4763768521107073";"L/h";
"23622.7548399";"Coste de combustible";"0.08383551646169046";"€";
"23622.7548399";"Coste de combustible (Hoy)";"0.08383909";"€";
"23622.7548399";"Coste de combustible (Semana)";"0.9566992700000001";"€";
"23622.7548399";"Coste de combustible (total)";"2.75931394";"€";
"23622.7548399";"Potencia instantánea del motor (basada en el consumo de combustible)";"1.8636805213843683";"hp";
"23622.7548399";"Power from MAF";"1.704";"hp";
"23622.7548399";"Velocidad del flujo del aire MAF";"1.42";"g/sec";
"23622.9061486";"Revoluciones del motor";"1225";"rpm";
"23622.9061486";"Revoluciones del motor x1000";"1.2";"rpm";
"23623.2283621";"Presión absoluta en el colector de admisión";"1.885490594091";"psi";
"23623.2283621";"Sobrealimentación calculada";"-11.74805677858482";"psi";
"23623.3604203";"Combustible usado";"0.08321488174932441";"L";
"23623.3604203";"Combustible usado (Hoy)";"0.083218";"L";
"23623.3604203";"Combustible usado (Semana)";"0.9474360000000001";"L";
"23623.3604203";"Combustible usado (total)";"2.7322029999999997";"L";
"23623.3604203";"Consumo instantáneo de combustible (l/h)";"1.244618395303327";"L/h";
"23623.3604203";"Coste de combustible";"0.08404703056681766";"€";
"23623.3604203";"Coste de combustible (Hoy)";"0.08405018";"€";
"23623.3604203";"Coste de combustible (Semana)";"0.9569103600000001";"€";
"23623.3604203";"Coste de combustible (total)";"2.7595250300000003";"€";
"23623.3604203";"Potencia instantánea del motor (basada en el consumo de combustible)";"4.869193474884512";"hp";
"23623.3604203";"Power from MAF";"4.452";"hp";
"23623.3604203";"Velocidad del flujo del aire MAF";"3.71";"g/sec";
"23623.5284458";"Revoluciones del motor";"2111";"rpm";
"23623.5284458";"Revoluciones del motor x1000";"2.1";"rpm";
"23623.8467079";"Presión absoluta en el colector de admisión";"3.045792498147";"psi";
"23623.8467079";"Sobrealimentación calculada";"-10.58775487452706";"psi";
"23624.0164996";"Combustible usado";"0.0838365395133725";"L";
"23624.0164996";"Combustible usado (Hoy)";"0.08384";"L";
"23624.0164996";"Combustible usado (Semana)";"0.9480580000000001";"L";
"23624.0164996";"Combustible usado (total)";"2.7328249999999996";"L";
"23624.0164996";"Consumo instantáneo de combustible (l/h)";"3.4117975957506292";"L/h";
"23624.0164996";"Coste de combustible";"0.08467490490850622";"€";
"23624.0164996";"Coste de combustible (Hoy)";"0.0846784";"€";
"23624.0164996";"Coste de combustible (Semana)";"0.9575385800000001";"€";
"23624.0164996";"Coste de combustible (total)";"2.76015325";"€";
"23624.0164996";"Potencia instantánea del motor (basada en el consumo de combustible)";"13.347627396111992";"hp";
"23624.0164996";"Power from MAF";"12.203999999999999";"hp";
"23624.0164996";"Velocidad del flujo del aire MAF";"10.17";"g/sec";
"23624.1748603";"Revoluciones del motor";"2059";"rpm";
"23624.1748603";"Revoluciones del motor x1000";"2.1";"rpm";
"23624.4915025";"Presión absoluta en el colector de admisión";"6.091584996294";"psi";
"23624.4915025";"Sobrealimentación calculada";"-7.54196237637544";"psi";
"23624.6592135";"Combustible usado";"0.08446601544972512";"L";
"23624.6592135";"Combustible usado (Hoy)";"0.084469";"L";
"23624.6592135";"Combustible usado (Semana)";"0.9486870000000001";"L";
"23624.6592135";"Combustible usado (total)";"2.7334539999999996";"L";
"23624.6592135";"Consumo instantáneo de combustible (l/h)";"3.5258596589320663";"L/h";
"23624.6592135";"Coste de combustible";"0.08531067560422237";"€";
"23624.6592135";"Coste de combustible (Hoy)";"0.08531369";"€";
"23624.6592135";"Coste de combustible (Semana)";"0.9581738700000001";"€";
"23624.6592135";"Coste de combustible (total)";"2.76078854";"€";
"23624.6592135";"Potencia instantánea del motor (basada en el consumo de combustible)";"13.79386076038712";"hp";
"23624.6592135";"Power from MAF";"12.612";"hp";
"23624.6592135";"Velocidad del flujo del aire MAF";"10.51";"g/sec";
"23624.814544";"Revoluciones del motor";"2113";"rpm";
"23624.814544";"Revoluciones del motor x1000";"2.1";"rpm";
"23625.1242307";"Presión absoluta en el colector de admisión";"5.656471782273001";"psi";
"23625.1242307";"Sobrealimentación calculada";"-7.9770755903971";"psi";
"23625.2674016";"Combustible usado";"0.08498788807119563";"L";
"23625.2674016";"Combustible usado (Hoy)";"0.084991";"L";
"23625.2674016";"Combustible usado (Semana)";"0.9492090000000001";"L";
"23625.2674016";"Combustible usado (total)";"2.7339759999999997";"L";
"23625.2674016";"Consumo instantáneo de combustible (l/h)";"3.089740005591278";"L/h";
"23625.2674016";"Coste de combustible";"0.08583776695190759";"€";
"23625.2674016";"Coste de combustible (Hoy)";"0.08584090999999999";"€";
"23625.2674016";"Coste de combustible (Semana)";"0.9587010900000001";"€";
"23625.2674016";"Coste de combustible (total)";"2.76131576";"€";
"23625.2674016";"Potencia instantánea del motor (basada en el consumo de combustible)";"12.087674367570447";"hp";
"23625.2674016";"Power from MAF";"11.052000000000001";"hp";
"23625.2674016";"Velocidad del flujo del aire MAF";"9.21";"g/sec";
"23625.4240344";"Revoluciones del motor";"2183";"rpm";
"23625.4240344";"Revoluciones del motor x1000";"2.2";"rpm";
"23625.7072193";"Presión absoluta en el colector de admisión";"2.465641546119";"psi";
"23625.7072193";"Sobrealimentación calculada";"-11.16790582655594";"psi";
"23625.868";"Combustible usado";"0.0851574777161495";"L";
"23625.868";"Combustible usado (Hoy)";"0.085161";"L";
"23625.868";"Combustible usado (Semana)";"0.9493790000000001";"L";
"23625.868";"Combustible usado (total)";"2.7341459999999995";"L";
"23625.868";"Consumo instantáneo de combustible (l/h)";"1.016494268940453";"L/h";
"23625.868";"Coste de combustible";"0.08600905249331099";"€";
"23625.868";"Coste de combustible (Hoy)";"0.08601261";"€";
"23625.868";"Coste de combustible (Semana)";"0.9588727900000001";"€";
"23625.868";"Coste de combustible (total)";"2.76148746";"€";
"23625.868";"Potencia instantánea del motor (basada en el consumo de combustible)";"3.976726746334251";"hp";
"23625.868";"Power from MAF";"3.636";"hp";
"23625.868";"Velocidad del flujo del aire MAF";"3.0300000000000002";"g/sec";
"23626.0155372";"Revoluciones del motor";"2170";"rpm";
"23626.0155372";"Revoluciones del motor x1000";"2.2";"rpm";
"23626.3110033";"Presión absoluta en el colector de admisión";"2.030528332098";"psi";
"23626.3110033";"Sobrealimentación calculada";"-11.6030190405776";"psi";
"23626.44356";"Combustible usado";"0.08535756706793404";"L";
"23626.44356";"Combustible usado (Hoy)";"0.085361";"L";
"23626.44356";"Combustible usado (Semana)";"0.9495790000000001";"L";
"23626.44356";"Combustible usado (total)";"2.7343459999999995";"L";
"23626.44356";"Consumo instantáneo de combustible (l/h)";"1.2513279284316468";"L/h";
"23626.44356";"Coste de combustible";"0.08621114273861338";"€";
"23626.44356";"Coste de combustible (Hoy)";"0.08621461000000001";"€";
"23626.44356";"Coste de combustible (Semana)";"0.9590747900000001";"€";
"23626.44356";"Coste de combustible (total)";"2.76168946";"€";
"23626.44356";"Potencia instantánea del motor (basada en el consumo de combustible)";"4.8954424963124605";"hp";
"23626.44356";"Power from MAF";"4.476";"hp";
"23626.44356";"Velocidad del flujo del aire MAF";"3.73";"g/sec";
"23626.5862197";"Revoluciones del motor";"2115";"rpm";
"23626.5862197";"Revoluciones del motor x1000";"2.1";"rpm";
"23626.8785486";"Presión absoluta en el colector de admisión";"1.885490594091";"psi";
"23626.8785486";"Sobrealimentación calculada";"-11.74805677858482";"psi";
"23627.0446683";"Combustible usado";"0.08553071637405649";"L";
"23627.0446683";"Combustible usado (Hoy)";"0.085534";"L";
"23627.0446683";"Combustible usado (Semana)";"0.949752";"L";
"23627.0446683";"Combustible usado (total)";"2.7345189999999997";"L";
"23627.0446683";"Consumo instantáneo de combustible (l/h)";"1.0366228683254124";"L/h";
"23627.0446683";"Coste de combustible";"0.08638602353779705";"€";
"23627.0446683";"Coste de combustible (Hoy)";"0.08638934";"€";
"23627.0446683";"Coste de combustible (Semana)";"0.9592495200000001";"€";
"23627.0446683";"Coste de combustible (total)";"2.7618641900000003";"€";
"23627.0446683";"Potencia instantánea del motor (basada en el consumo de combustible)";"4.055473810618097";"hp";
"23627.0446683";"Power from MAF";"3.7079999999999997";"hp";
"23627.0446683";"Velocidad del flujo del aire MAF";"3.09";"g/sec";
"23627.1984585";"Revoluciones del motor";"2056";"rpm";
"23627.1984585";"Revoluciones del motor x1000";"2.1";"rpm";
"23627.5113699";"Presión absoluta en el colector de admisión";"1.885490594091";"psi";
"23627.5113699";"Sobrealimentación calculada";"-11.74805677858482";"psi";
"23627.6741929";"Combustible usado";"0.08569609259491195";"L";
"23627.6741929";"Combustible usado (Hoy)";"0.085699";"L";
"23627.6741929";"Combustible usado (Semana)";"0.949917";"L";
"23627.6741929";"Combustible usado (total)";"2.7346839999999997";"L";
"23627.6741929";"Consumo instantáneo de combustible (l/h)";"0.9460441710930947";"L/h";
"23627.6741929";"Coste de combustible";"0.08655305352086108";"€";
"23627.6741929";"Coste de combustible (Hoy)";"0.08655599";"€";
"23627.6741929";"Coste de combustible (Semana)";"0.9594161700000001";"€";
"23627.6741929";"Coste de combustible (total)";"2.76203084";"€";
"23627.6741929";"Potencia instantánea del motor (basada en el consumo de combustible)";"3.7011120213407875";"hp";
"23627.6741929";"Power from MAF";"3.384";"hp";
"23627.6741929";"Velocidad del flujo del aire MAF";"2.82";"g/sec";
"23627.8387674";"Revoluciones del motor";"2017";"rpm";
"23627.8387674";"Revoluciones del motor x1000";"2";"rpm";
"23628.1318252";"Presión absoluta en el colector de admisión";"1.885490594091";"psi";
"23628.1318252";"Sobrealimentación calculada";"-11.74805677858482";"psi";
"23628.2757113";"Combustible usado";"0.08585080313335199";"L";
"23628.2757113";"Combustible usado (Hoy)";"0.085854";"L";
"23628.2757113";"Combustible usado (Semana)";"0.950072";"L";
"23628.2757113";"Combustible usado (total)";"2.7348389999999996";"L";
"23628.2757113";"Consumo instantáneo de combustible (l/h)";"0.9259155717081354";"L/h";
"23628.2757113";"Coste de combustible";"0.08670931116468551";"€";
"23628.2757113";"Coste de combustible (Hoy)";"0.08671254";"€";
"23628.2757113";"Coste de combustible (Semana)";"0.9595727200000002";"€";
"23628.2757113";"Coste de combustible (total)";"2.7621873900000002";"€";
"23628.2757113";"Potencia instantánea del motor (basada en el consumo de combustible)";"3.6223649570569414";"hp";
"23628.2757113";"Power from MAF";"3.3120000000000003";"hp";
"23628.2757113";"Velocidad del flujo del aire MAF";"2.7600000000000002";"g/sec";
"23628.4433916";"Revoluciones del motor";"2030";"rpm";
"23628.4433916";"Revoluciones del motor x1000";"2";"rpm";
"23628.7355628";"Presión absoluta en el colector de admisión";"2.030528332098";"psi";
"23628.7355628";"Sobrealimentación calculada";"-11.6030190405776";"psi";
"23628.8840778";"Combustible usado";"0.08613539479712982";"L";
"23628.8840778";"Combustible usado (Hoy)";"0.086139";"L";
"23628.8840778";"Combustible usado (Semana)";"0.950357";"L";
"23628.8840778";"Combustible usado (total)";"2.735124";"L";
"23628.8840778";"Consumo instantáneo de combustible (l/h)";"1.6840928152082755";"L/h";
"23628.8840778";"Coste de combustible";"0.08699674874510112";"€";
"23628.8840778";"Coste de combustible (Hoy)";"0.08700039";"€";
"23628.8840778";"Coste de combustible (Semana)";"0.9598605700000001";"€";
"23628.8840778";"Coste de combustible (total)";"2.76247524";"€";
"23628.8840778";"Potencia instantánea del motor (basada en el consumo de combustible)";"6.588504378415162";"hp";
"23628.8840778";"Power from MAF";"6.024";"hp";
"23628.8840778";"Velocidad del flujo del aire MAF";"5.0200000000000005";"g/sec";
"23629.0430024";"Revoluciones del motor";"1998";"rpm";
"23629.0430024";"Revoluciones del motor x1000";"2";"rpm";
"23629.3601773";"Presión absoluta en el colector de admisión";"4.351132140210001";"psi";
"23629.3601773";"Sobrealimentación calculada";"-9.28241523246208";"psi";
"23629.5391028";"Combustible usado";"0.08679150773860779";"L";
"23629.5391028";"Combustible usado (Hoy)";"0.086795";"L";
"23629.5391028";"Combustible usado (Semana)";"0.951013";"L";
"23629.5391028";"Combustible usado (total)";"2.7357799999999997";"L";
"23629.5391028";"Consumo instantáneo de combustible (l/h)";"3.6063740564719047";"L/h";
"23629.5391028";"Coste de combustible";"0.08765942281599387";"€";
"23629.5391028";"Coste de combustible (Hoy)";"0.08766295";"€";
"23629.5391028";"Coste de combustible (Semana)";"0.9605231300000001";"€";
"23629.5391028";"Coste de combustible (total)";"2.7631378";"€";
"23629.5391028";"Potencia instantánea del motor (basada en el consumo de combustible)";"14.108849017522509";"hp";
"23629.5391028";"Power from MAF";"12.9";"hp";
"23629.5391028";"Velocidad del flujo del aire MAF";"10.75";"g/sec";
"23629.6959871";"Revoluciones del motor";"2116";"rpm";
"23629.6959871";"Revoluciones del motor x1000";"2.1";"rpm";
"23629.9760763";"Presión absoluta en el colector de admisión";"6.091584996294";"psi";
"23629.9760763";"Sobrealimentación calculada";"-7.54196237637544";"psi";
"23630.1320409";"Combustible usado";"0.08738170806625666";"L";
"23630.1320409";"Combustible usado (Hoy)";"0.087385";"L";
"23630.1320409";"Combustible usado (Semana)";"0.9516030000000001";"L";
"23630.1320409";"Combustible usado (total)";"2.7363699999999995";"L";
"23630.1320409";"Consumo instantáneo de combustible (l/h)";"3.582890690522785";"L/h";
"23630.1320409";"Coste de combustible";"0.08825552514691923";"€";
"23630.1320409";"Coste de combustible (Hoy)";"0.08825885";"€";
"23630.1320409";"Coste de combustible (Semana)";"0.9611190300000001";"€";
"23630.1320409";"Coste de combustible (total)";"2.7637337";"€";
"23630.1320409";"Potencia instantánea del motor (basada en el consumo de combustible)";"14.016977442524686";"hp";
"23630.1320409";"Power from MAF";"12.815999999999999";"hp";
"23630.1320409";"Velocidad del flujo del aire MAF";"10.68";"g/sec";
"23630.2904738";"Revoluciones del motor";"2205";"rpm";
"23630.2904738";"Revoluciones del motor x1000";"2.2";"rpm";
"23630.6074594";"Presión absoluta en el colector de admisión";"2.1755660701050004";"psi";
"23630.6074594";"Sobrealimentación calculada";"-11.45798130257038";"psi";
"23630.7604911";"Combustible usado";"0.08755446989134286";"L";
"23630.7604911";"Combustible usado (Hoy)";"0.087558";"L";
"23630.7604911";"Combustible usado (Semana)";"0.9517760000000001";"L";
"23630.7604911";"Combustible usado (total)";"2.7365429999999997";"L";
"23630.7604911";"Consumo instantáneo de combustible (l/h)";"0.9896561364271738";"L/h";
"23630.7604911";"Coste de combustible";"0.08843001459025629";"€";
"23630.7604911";"Coste de combustible (Hoy)";"0.08843358";"€";
"23630.7604911";"Coste de combustible (Semana)";"0.9612937600000001";"€";
"23630.7604911";"Coste de combustible (total)";"2.76390843";"€";
"23630.7604911";"Potencia instantánea del motor (basada en el consumo de combustible)";"3.871730660622456";"hp";
"23630.7604911";"Power from MAF";"3.54";"hp";
"23630.7604911";"Velocidad del flujo del aire MAF";"2.95";"g/sec";
"23630.9281329";"Revoluciones del motor";"2246";"rpm";
"23630.9281329";"Revoluciones del motor x1000";"2.2";"rpm";
"23631.1966532";"Presión absoluta en el colector de admisión";"2.1755660701050004";"psi";
"23631.1966532";"Sobrealimentación calculada";"-11.45798130257038";"psi";
"23631.3593268";"Combustible usado";"0.08775536793998698";"L";
"23631.3593268";"Combustible usado (Hoy)";"0.087759";"L";
"23631.3593268";"Combustible usado (Semana)";"0.9519770000000001";"L";
"23631.3593268";"Combustible usado (total)";"2.736744";"L";
"23631.3593268";"Consumo instantáneo de combustible (l/h)";"1.207715963097568";"L/h";
"23631.3593268";"Coste de combustible";"0.08863292161938685";"€";
"23631.3593268";"Coste de combustible (Hoy)";"0.08863659";"€";
"23631.3593268";"Coste de combustible (Semana)";"0.9614967700000001";"€";
"23631.3593268";"Coste de combustible (total)";"2.76411144";"€";
"23631.3593268";"Potencia instantánea del motor (basada en el consumo de combustible)";"4.724823857030793";"hp";
"23631.3593268";"Power from MAF";"4.32";"hp";
"23631.3593268";"Velocidad del flujo del aire MAF";"3.6";"g/sec";
"23631.5275875";"Revoluciones del motor";"2209";"rpm";
"23631.5275875";"Revoluciones del motor x1000";"2.2";"rpm";
"23631.8431736";"Presión absoluta en el colector de admisión";"2.030528332098";"psi";
"23631.8431736";"Sobrealimentación calculada";"-11.6030190405776";"psi";
"23631.9987065";"Combustible usado";"0.08811583123604513";"L";
"23631.9987065";"Combustible usado (Hoy)";"0.088119";"L";
"23631.9987065";"Combustible usado (Semana)";"0.952337";"L";
"23631.9987065";"Combustible usado (total)";"2.7371039999999995";"L";
"23631.9987065";"Consumo instantáneo de combustible (l/h)";"2.029633771316746";"L/h";
"23631.9987065";"Coste de combustible";"0.08899698954840558";"€";
"23631.9987065";"Coste de combustible (Hoy)";"0.08900019";"€";
"23631.9987065";"Coste de combustible (Semana)";"0.9618603700000001";"€";
"23631.9987065";"Coste de combustible (total)";"2.76447504";"€";
"23631.9987065";"Potencia instantánea del motor (basada en el consumo de combustible)";"7.9403289819545275";"hp";
"23631.9987065";"Power from MAF";"7.26";"hp";
"23631.9987065";"Velocidad del flujo del aire MAF";"6.05";"g/sec";
"23632.1559683";"Revoluciones del motor";"2278";"rpm";
"23632.1559683";"Revoluciones del motor x1000";"2.3";"rpm";
"23632.4722439";"Presión absoluta en el colector de admisión";"6.091584996294";"psi";
"23632.4722439";"Sobrealimentación calculada";"-7.54196237637544";"psi";
"23632.6283224";"Combustible usado";"0.08892198562743457";"L";
"23632.6283224";"Combustible usado (Hoy)";"0.088925";"L";
"23632.6283224";"Combustible usado (Semana)";"0.9531430000000001";"L";
"23632.6283224";"Combustible usado (total)";"2.73791";"L";
"23632.6283224";"Consumo instantáneo de combustible (l/h)";"4.609449259155717";"L/h";
"23632.6283224";"Coste de combustible";"0.08981120548370891";"€";
"23632.6283224";"Coste de combustible (Hoy)";"0.08981425";"€";
"23632.6283224";"Coste de combustible (Semana)";"0.9626744300000001";"€";
"23632.6283224";"Coste de combustible (total)";"2.7652891";"€";
"23632.6283224";"Potencia instantánea del motor (basada en el consumo de combustible)";"18.033077721000858";"hp";
"23632.6283224";"Power from MAF";"16.488";"hp";
"23632.6283224";"Velocidad del flujo del aire MAF";"13.74";"g/sec";
"23632.76106";"Revoluciones del motor";"2279";"rpm";
"23632.76106";"Revoluciones del motor x1000";"2.3";"rpm";
"23633.0669471";"Presión absoluta en el colector de admisión";"6.381660472308001";"psi";
"23633.0669471";"Sobrealimentación calculada";"-7.251886900361";"psi";
"23633.2309599";"Combustible usado";"0.08994963951337251";"L";
"23633.2309599";"Combustible usado (Hoy)";"0.089953";"L";
"23633.2309599";"Combustible usado (Semana)";"0.9541710000000001";"L";
"23633.2309599";"Combustible usado (total)";"2.7389379999999997";"L";
"23633.2309599";"Consumo instantáneo de combustible (l/h)";"6.139222812412637";"L/h";
"23633.2309599";"Coste de combustible";"0.09084913590850624";"€";
"23633.2309599";"Coste de combustible (Hoy)";"0.09085253";"€";
"23633.2309599";"Coste de combustible (Semana)";"0.9637127100000001";"€";
"23633.2309599";"Coste de combustible (total)";"2.76632738";"€";
"23633.2309599";"Potencia instantánea del motor (basada en el consumo de combustible)";"24.0178546065732";"hp";
"23633.2309599";"Power from MAF";"21.96";"hp";
"23633.2309599";"Velocidad del flujo del aire MAF";"18.3";"g/sec";
"23633.3863855";"Revoluciones del motor";"2427";"rpm";
"23633.3863855";"Revoluciones del motor x1000";"2.4";"rpm";
"23633.691091";"Presión absoluta en el colector de admisión";"6.236622734301";"psi";
"23633.691091";"Sobrealimentación calculada";"-7.39692463836822";"psi";
"23633.8402286";"Combustible usado";"0.09052757246649897";"L";
"23633.8402286";"Combustible usado (Hoy)";"0.090531";"L";
"23633.8402286";"Combustible usado (Semana)";"0.9547490000000001";"L";
"23633.8402286";"Combustible usado (total)";"2.7395159999999996";"L";
"23633.8402286";"Consumo instantáneo de combustible (l/h)";"3.4151523623147892";"L/h";
"23633.8402286";"Coste de combustible";"0.09143284819116396";"€";
"23633.8402286";"Coste de combustible (Hoy)";"0.09143631";"€";
"23633.8402286";"Coste de combustible (Semana)";"0.9642964900000001";"€";
"23633.8402286";"Coste de combustible (total)";"2.7669111600000003";"€";
"23633.8402286";"Potencia instantánea del motor (basada en el consumo de combustible)";"13.360751906825964";"hp";
"23633.8402286";"Power from MAF";"12.216";"hp";
"23633.8402286";"Velocidad del flujo del aire MAF";"10.18";"g/sec";
"23634.0074818";"Revoluciones del motor";"2500";"rpm";
"23634.0074818";"Revoluciones del motor x1000";"2.5";"rpm";
"23634.3241366";"Presión absoluta en el colector de admisión";"2.6106792841260003";"psi";
"23634.3241366";"Sobrealimentación calculada";"-11.02286808854872";"psi";
"23634.4796849";"Combustible usado";"0.09091734799515426";"L";
"23634.4796849";"Combustible usado (Hoy)";"0.090921";"L";
"23634.4796849";"Combustible usado (Semana)";"0.9551390000000001";"L";
"23634.4796849";"Combustible usado (total)";"2.7399059999999995";"L";
"23634.4796849";"Consumo instantáneo de combustible (l/h)";"2.194017332960582";"L/h";
"23634.4796849";"Coste de combustible";"0.09182652147510581";"€";
"23634.4796849";"Coste de combustible (Hoy)";"0.09183021000000001";"€";
"23634.4796849";"Coste de combustible (Semana)";"0.9646903900000001";"€";
"23634.4796849";"Coste de combustible (total)";"2.76730506";"€";
"23634.4796849";"Potencia instantánea del motor (basada en el consumo de combustible)";"8.583430006939276";"hp";
"23634.4796849";"Power from MAF";"7.848";"hp";
"23634.4796849";"Velocidad del flujo del aire MAF";"6.54";"g/sec";
"23634.6362028";"Revoluciones del motor";"2507";"rpm";
"23634.6362028";"Revoluciones del motor x1000";"2.5";"rpm";
"23634.9522196";"Presión absoluta en el colector de admisión";"3.9160189261890004";"psi";
"23634.9522196";"Sobrealimentación calculada";"-9.71752844648374";"psi";
"23635.1063015";"Combustible usado";"0.09166124883533691";"L";
"23635.1063015";"Combustible usado (Hoy)";"0.091665";"L";
"23635.1063015";"Combustible usado (Semana)";"0.955883";"L";
"23635.1063015";"Combustible usado (total)";"2.7406499999999996";"L";
"23635.1063015";"Consumo instantáneo de combustible (l/h)";"4.273972602739727";"L/h";
"23635.1063015";"Coste de combustible";"0.09257786132369028";"€";
"23635.1063015";"Coste de combustible (Hoy)";"0.09258165";"€";
"23635.1063015";"Coste de combustible (Semana)";"0.9654418300000001";"€";
"23635.1063015";"Coste de combustible (total)";"2.7680565";"€";
"23635.1063015";"Potencia instantánea del motor (basada en el consumo de combustible)";"16.72062664960342";"hp";
"23635.1063015";"Power from MAF";"15.288";"hp";
"23635.1063015";"Velocidad del flujo del aire MAF";"12.74";"g/sec";
"23635.2637376";"Revoluciones del motor";"2530";"rpm";
"23635.2637376";"Revoluciones del motor x1000";"2.5";"rpm";
"23635.5721862";"Presión absoluta en el colector de admisión";"5.801509520280001";"psi";
"23635.5721862";"Sobrealimentación calculada";"-7.83203785238988";"psi";
"23635.726308";"Combustible usado";"0.09237699769443672";"L";
"23635.726308";"Combustible usado (Hoy)";"0.092381";"L";
"23635.726308";"Combustible usado (Semana)";"0.9565990000000001";"L";
"23635.726308";"Combustible usado (total)";"2.7413659999999997";"L";
"23635.726308";"Consumo instantáneo de combustible (l/h)";"4.15655577299413";"L/h";
"23635.726308";"Coste de combustible";"0.09330076767138108";"€";
"23635.726308";"Coste de combustible (Hoy)";"0.09330481";"€";
"23635.726308";"Coste de combustible (Semana)";"0.9661649900000001";"€";
"23635.726308";"Coste de combustible (total)";"2.76877966";"€";
"23635.726308";"Potencia instantánea del motor (basada en el consumo de combustible)";"16.261268774614315";"hp";
"23635.726308";"Power from MAF";"14.868";"hp";
"23635.726308";"Velocidad del flujo del aire MAF";"12.39";"g/sec";
"23635.8800896";"Revoluciones del motor";"2607";"rpm";
"23635.8800896";"Revoluciones del motor x1000";"2.6";"rpm";
"23636.1962643";"Presión absoluta en el colector de admisión";"5.2213585682520005";"psi";
"23636.1962643";"Sobrealimentación calculada";"-8.41218880441876";"psi";
"23636.3520262";"Combustible usado";"0.09268782952613926";"L";
"23636.3520262";"Combustible usado (Hoy)";"0.092692";"L";
"23636.3520262";"Combustible usado (Semana)";"0.95691";"L";
"23636.3520262";"Combustible usado (total)";"2.7416769999999997";"L";
"23636.3520262";"Consumo instantáneo de combustible (l/h)";"1.7880905786972328";"L/h";
"23636.3520262";"Coste de combustible";"0.09361470782140065";"€";
"23636.3520262";"Coste de combustible (Hoy)";"0.09361892";"€";
"23636.3520262";"Coste de combustible (Semana)";"0.9664791000000001";"€";
"23636.3520262";"Coste de combustible (total)";"2.76909377";"€";
"23636.3520262";"Potencia instantánea del motor (basada en el consumo de combustible)";"6.995364210548369";"hp";
"23636.3520262";"Power from MAF";"6.396";"hp";
"23636.3520262";"Velocidad del flujo del aire MAF";"5.33";"g/sec";
"23636.5184806";"Revoluciones del motor";"2620";"rpm";
"23636.5184806";"Revoluciones del motor x1000";"2.6";"rpm";
"23636.8394113";"Presión absoluta en el colector de admisión";"1.4503773800700002";"psi";
"23636.8394113";"Sobrealimentación calculada";"-12.18316999260648";"psi";
"23636.9834231";"Combustible usado";"0.09292550760907654";"L";
"23636.9834231";"Combustible usado (Hoy)";"0.09293";"L";
"23636.9834231";"Combustible usado (Semana)";"0.957148";"L";
"23636.9834231";"Combustible usado (total)";"2.7419149999999997";"L";
"23636.9834231";"Consumo instantáneo de combustible (l/h)";"1.355325691920604";"L/h";
"23636.9834231";"Coste de combustible";"0.0938547626851673";"€";
"23636.9834231";"Coste de combustible (Hoy)";"0.09385929999999999";"€";
"23636.9834231";"Coste de combustible (Semana)";"0.9667194800000001";"€";
"23636.9834231";"Coste de combustible (total)";"2.76933415";"€";
"23636.9834231";"Potencia instantánea del motor (basada en el consumo de combustible)";"5.302302328445669";"hp";
"23636.9834231";"Power from MAF";"4.848";"hp";
"23636.9834231";"Velocidad del flujo del aire MAF";"4.04";"g/sec";
"23637.1386471";"Revoluciones del motor";"2561";"rpm";
"23637.1386471";"Revoluciones del motor x1000";"2.6";"rpm";
"23637.4186625";"Presión absoluta en el colector de admisión";"2.030528332098";"psi";
"23637.4186625";"Sobrealimentación calculada";"-11.6030190405776";"psi";
"23637.5876741";"Combustible usado";"0.09313046759342096";"L";
"23637.5876741";"Combustible usado (Hoy)";"0.093135";"L";
"23637.5876741";"Combustible usado (Semana)";"0.957353";"L";
"23637.5876741";"Combustible usado (total)";"2.74212";"L";
"23637.5876741";"Consumo instantáneo de combustible (l/h)";"1.2211350293542076";"L/h";
"23637.5876741";"Coste de combustible";"0.09406177226935516";"€";
"23637.5876741";"Coste de combustible (Hoy)";"0.09406634999999999";"€";
"23637.5876741";"Coste de combustible (Semana)";"0.9669265300000001";"€";
"23637.5876741";"Coste de combustible (total)";"2.7695412";"€";
"23637.5876741";"Potencia instantánea del motor (basada en el consumo de combustible)";"4.777321899886691";"hp";
"23637.5876741";"Power from MAF";"4.368";"hp";
"23637.5876741";"Velocidad del flujo del aire MAF";"3.64";"g/sec";
"23637.7548348";"Revoluciones del motor";"2465";"rpm";
"23637.7548348";"Revoluciones del motor x1000";"2.5";"rpm";
"23638.0586264";"Presión absoluta en el colector de admisión";"2.030528332098";"psi";
"23638.0586264";"Sobrealimentación calculada";"-11.6030190405776";"psi";
"23638.2224261";"Combustible usado";"0.09333812460348526";"L";
"23638.2224261";"Combustible usado (Hoy)";"0.093343";"L";
"23638.2224261";"Combustible usado (Semana)";"0.957561";"L";
"23638.2224261";"Combustible usado (total)";"2.7423279999999997";"L";
"23638.2224261";"Consumo instantáneo de combustible (l/h)";"1.1775230640201289";"L/h";
"23638.2224261";"Coste de combustible";"0.09427150584952011";"€";
"23638.2224261";"Coste de combustible (Hoy)";"0.09427643";"€";
"23638.2224261";"Coste de combustible (Semana)";"0.9671366100000001";"€";
"23638.2224261";"Coste de combustible (total)";"2.76975128";"€";
"23638.2224261";"Potencia instantánea del motor (basada en el consumo de combustible)";"4.606703260605024";"hp";
"23638.2224261";"Power from MAF";"4.212";"hp";
"23638.2224261";"Velocidad del flujo del aire MAF";"3.5100000000000002";"g/sec";
"23638.3759332";"Revoluciones del motor";"2421";"rpm";
"23638.3759332";"Revoluciones del motor x1000";"2.4";"rpm";
"23638.6748643";"Presión absoluta en el colector de admisión";"2.1755660701050004";"psi";
"23638.6748643";"Sobrealimentación calculada";"-11.45798130257038";"psi";
"23638.8430836";"Combustible usado";"0.09365742108433513";"L";
"23638.8430836";"Combustible usado (Hoy)";"0.093662";"L";
"23638.8430836";"Combustible usado (Semana)";"0.9578800000000001";"L";
"23638.8430836";"Combustible usado (total)";"2.742647";"L";
"23638.8430836";"Consumo instantáneo de combustible (l/h)";"1.8518311434162709";"L/h";
"23638.8430836";"Coste de combustible";"0.09459399529517848";"€";
"23638.8430836";"Coste de combustible (Hoy)";"0.09459862";"€";
"23638.8430836";"Coste de combustible (Semana)";"0.9674588000000001";"€";
"23638.8430836";"Coste de combustible (total)";"2.7700734700000003";"€";
"23638.8430836";"Potencia instantánea del motor (basada en el consumo de combustible)";"7.244729914113883";"hp";
"23638.8430836";"Power from MAF";"6.6240000000000006";"hp";
"23638.8430836";"Velocidad del flujo del aire MAF";"5.5200000000000005";"g/sec";
"23639.0004461";"Revoluciones del motor";"2415";"rpm";
"23639.0004461";"Revoluciones del motor x1000";"2.4";"rpm";
"23639.3148359";"Presión absoluta en el colector de admisión";"1.5954151180770002";"psi";
"23639.3148359";"Sobrealimentación calculada";"-12.03813225459926";"psi";
"23639.4878074";"Combustible usado";"0.09386347381949495";"L";
"23639.4878074";"Combustible usado (Hoy)";"0.093868";"L";
"23639.4878074";"Combustible usado (Semana)";"0.958086";"L";
"23639.4878074";"Combustible usado (total)";"2.7428529999999998";"L";
"23639.4878074";"Consumo instantáneo de combustible (l/h)";"1.1506849315068495";"L/h";
"23639.4878074";"Coste de combustible";"0.0948021085576899";"€";
"23639.4878074";"Coste de combustible (Hoy)";"0.09480667999999999";"€";
"23639.4878074";"Coste de combustible (Semana)";"0.9676668600000001";"€";
"23639.4878074";"Coste de combustible (total)";"2.77028153";"€";
"23639.4878074";"Potencia instantánea del motor (basada en el consumo de combustible)";"4.501707174893228";"hp";
"23639.4878074";"Power from MAF";"4.116";"hp";
"23639.4878074";"Velocidad del flujo del aire MAF";"3.43";"g/sec";
"23639.6558246";"Revoluciones del motor";"2355";"rpm";
"23639.6558246";"Revoluciones del motor x1000";"2.4";"rpm";
"23639.9437858";"Presión absoluta en el colector de admisión";"2.030528332098";"psi";
"23639.9437858";"Sobrealimentación calculada";"-11.6030190405776";"psi";
"23640.0989403";"Combustible usado";"0.09405991995731994";"L";
"23640.0989403";"Combustible usado (Hoy)";"0.094064";"L";
"23640.0989403";"Combustible usado (Semana)";"0.9582820000000001";"L";
"23640.0989403";"Combustible usado (total)";"2.7430489999999996";"L";
"23640.0989403";"Consumo instantáneo de combustible (l/h)";"1.1573944646351693";"L/h";
"23640.0989403";"Coste de combustible";"0.09500051915689314";"€";
"23640.0989403";"Coste de combustible (Hoy)";"0.09500464";"€";
"23640.0989403";"Coste de combustible (Semana)";"0.9678648200000001";"€";
"23640.0989403";"Coste de combustible (total)";"2.77047949";"€";
"23640.0989403";"Potencia instantánea del motor (basada en el consumo de combustible)";"4.527956196321177";"hp";
"23640.0989403";"Power from MAF";"4.14";"hp";
"23640.0989403";"Velocidad del flujo del aire MAF";"3.45";"g/sec";
"23640.2325843";"Revoluciones del motor";"2317";"rpm";
"23640.2325843";"Revoluciones del motor x1000";"2.3";"rpm";
"23640.532484";"Presión absoluta en el colector de admisión";"2.030528332098";"psi";
"23640.532484";"Sobrealimentación calculada";"-11.6030190405776";"psi";
"23640.6953403";"Combustible usado";"0.09424554994259624";"L";
"23640.6953403";"Combustible usado (Hoy)";"0.09425";"L";
"23640.6953403";"Combustible usado (Semana)";"0.9584680000000001";"L";
"23640.6953403";"Combustible usado (total)";"2.743235";"L";
"23640.6953403";"Consumo instantáneo de combustible (l/h)";"1.12049203242941";"L/h";
"23640.6953403";"Coste de combustible";"0.0951880054420222";"€";
"23640.6953403";"Coste de combustible (Hoy)";"0.0951925";"€";
"23640.6953403";"Coste de combustible (Semana)";"0.9680526800000001";"€";
"23640.6953403";"Coste de combustible (total)";"2.77066735";"€";
"23640.6953403";"Potencia instantánea del motor (basada en el consumo de combustible)";"4.383586578467456";"hp";
"23640.6953403";"Power from MAF";"4.008";"hp";
"23640.6953403";"Velocidad del flujo del aire MAF";"3.34";"g/sec";
"23640.8504876";"Revoluciones del motor";"2236";"rpm";
"23640.8504876";"Revoluciones del motor x1000";"2.2";"rpm";
"23641.1320006";"Presión absoluta en el colector de admisión";"1.885490594091";"psi";
"23641.1320006";"Sobrealimentación calculada";"-11.74805677858482";"psi";
"23641.2996169";"Combustible usado";"0.09441729080691456";"L";
"23641.2996169";"Combustible usado (Hoy)";"0.094422";"L";
"23641.2996169";"Combustible usado (Semana)";"0.95864";"L";
"23641.2996169";"Combustible usado (total)";"2.7434069999999995";"L";
"23641.2996169";"Consumo instantáneo de combustible (l/h)";"1.0232038020687728";"L/h";
"23641.2996169";"Coste de combustible";"0.0953614637149837";"€";
"23641.2996169";"Coste de combustible (Hoy)";"0.09536622";"€";
"23641.2996169";"Coste de combustible (Semana)";"0.9682264";"€";
"23641.2996169";"Coste de combustible (total)";"2.77084107";"€";
"23641.2996169";"Potencia instantánea del motor (basada en el consumo de combustible)";"4.002975767762201";"hp";
"23641.2996169";"Power from MAF";"3.66";"hp";
"23641.2996169";"Velocidad del flujo del aire MAF";"3.0500000000000003";"g/sec";
"23641.4435809";"Revoluciones del motor";"2101";"rpm";
"23641.4435809";"Revoluciones del motor x1000";"2.1";"rpm";
"23641.7487968";"Presión absoluta en el colector de admisión";"1.740452856084";"psi";
"23641.7487968";"Sobrealimentación calculada";"-11.89309451659204";"psi";
"23641.9070336";"Combustible usado";"0.09458031107194112";"L";
"23641.9070336";"Combustible usado (Hoy)";"0.094585";"L";
"23641.9070336";"Combustible usado (Semana)";"0.9588030000000001";"L";
"23641.9070336";"Combustible usado (total)";"2.7435699999999996";"L";
"23641.9070336";"Consumo instantáneo de combustible (l/h)";"0.9661727704780543";"L/h";
"23641.9070336";"Coste de combustible";"0.09552611418266053";"€";
"23641.9070336";"Coste de combustible (Hoy)";"0.09553085";"€";
"23641.9070336";"Coste de combustible (Semana)";"0.96839103";"€";
"23641.9070336";"Coste de combustible (total)";"2.7710057";"€";
"23641.9070336";"Potencia instantánea del motor (basada en el consumo de combustible)";"3.7798590856246346";"hp";
"23641.9070336";"Power from MAF";"3.456";"hp";
"23641.9070336";"Velocidad del flujo del aire MAF";"2.88";"g/sec";
"23642.0759505";"Revoluciones del motor";"2032";"rpm";
"23642.0759505";"Revoluciones del motor x1000";"2";"rpm";
"23642.3764049";"Presión absoluta en el colector de admisión";"4.931283092238";"psi";
"23642.3764049";"Sobrealimentación calculada";"-8.7022642804332";"psi";
"23642.5057836";"Combustible usado";"0.09574195842223467";"L";
"23642.5057836";"Combustible usado (Hoy)";"0.095747";"L";
"23642.5057836";"Combustible usado (Semana)";"0.9599650000000001";"L";
"23642.5057836";"Combustible usado (total)";"2.7447319999999995";"L";
"23642.5057836";"Consumo instantáneo de combustible (l/h)";"6.984623986580933";"L/h";
"23642.5057836";"Coste de combustible";"0.09669937800645702";"€";
"23642.5057836";"Coste de combustible (Hoy)";"0.09670447";"€";
"23642.5057836";"Coste de combustible (Semana)";"0.9695646500000001";"€";
"23642.5057836";"Coste de combustible (total)";"2.7721793200000002";"€";
"23642.5057836";"Potencia instantánea del motor (basada en el consumo de combustible)";"27.325231306494754";"hp";
"23642.5057836";"Power from MAF";"24.983999999999998";"hp";
"23642.5057836";"Velocidad del flujo del aire MAF";"20.82";"g/sec";
"23642.6709354";"Revoluciones del motor";"2115";"rpm";
"23642.6709354";"Revoluciones del motor x1000";"2.1";"rpm";
"23642.9869359";"Presión absoluta en el colector de admisión";"7.832037852378001";"psi";
"23642.9869359";"Sobrealimentación calculada";"-5.8015095202888";"psi";
"23643.179408";"Combustible usado";"0.09726046374997672";"L";
"23643.179408";"Combustible usado (Hoy)";"0.097266";"L";
"23643.179408";"Combustible usado (Semana)";"0.961484";"L";
"23643.179408";"Combustible usado (total)";"2.7462509999999996";"L";
"23643.179408";"Consumo instantáneo de combustible (l/h)";"8.115180318702825";"L/h";
"23643.179408";"Coste de combustible";"0.09823306838747649";"€";
"23643.179408";"Coste de combustible (Hoy)";"0.09823866";"€";
"23643.179408";"Coste de combustible (Semana)";"0.9710988400000001";"€";
"23643.179408";"Coste de combustible (total)";"2.77371351";"€";
"23643.179408";"Potencia instantánea del motor (basada en el consumo de combustible)";"31.748191417104135";"hp";
"23643.179408";"Power from MAF";"29.028";"hp";
"23643.179408";"Velocidad del flujo del aire MAF";"24.19";"g/sec";
"23643.3353948";"Revoluciones del motor";"2285";"rpm";
"23643.3353948";"Revoluciones del motor x1000";"2.3";"rpm";
"23643.638939";"Presión absoluta en el colector de admisión";"6.526698210315001";"psi";
"23643.638939";"Sobrealimentación calculada";"-7.10684916235378";"psi";
"23643.7860425";"Combustible usado";"0.09815421656015286";"L";
"23643.7860425";"Combustible usado (Hoy)";"0.09816";"L";
"23643.7860425";"Combustible usado (Semana)";"0.9623780000000001";"L";
"23643.7860425";"Combustible usado (total)";"2.7471449999999997";"L";
"23643.7860425";"Consumo instantáneo de combustible (l/h)";"5.303885937936819";"L/h";
"23643.7860425";"Coste de combustible";"0.09913575872575439";"€";
"23643.7860425";"Coste de combustible (Hoy)";"0.0991416";"€";
"23643.7860425";"Coste de combustible (Semana)";"0.97200178";"€";
"23643.7860425";"Coste de combustible (total)";"2.77461645";"€";
"23643.7860425";"Potencia instantánea del motor (basada en el consumo de combustible)";"20.749851438793566";"hp";
"23643.7860425";"Power from MAF";"18.972";"hp";
"23643.7860425";"Velocidad del flujo del aire MAF";"15.81";"g/sec";
"23643.9357853";"Revoluciones del motor";"2464";"rpm";
"23643.9357853";"Revoluciones del motor x1000";"2.5";"rpm";
"23644.2676116";"Presión absoluta en el colector de admisión";"5.2213585682520005";"psi";
"23644.2676116";"Sobrealimentación calculada";"-8.41218880441876";"psi";
"23644.4356046";"Combustible usado";"0.09847024759901224";"L";
"23644.4356046";"Combustible usado (Hoy)";"0.098476";"L";
"23644.4356046";"Combustible usado (Semana)";"0.962694";"L";
"23644.4356046";"Combustible usado (total)";"2.7474609999999995";"L";
"23644.4356046";"Consumo instantáneo de combustible (l/h)";"1.7511881464914734";"L/h";
"23644.4356046";"Coste de combustible";"0.09945495007500237";"€";
"23644.4356046";"Coste de combustible (Hoy)";"0.09946076";"€";
"23644.4356046";"Coste de combustible (Semana)";"0.9723209400000001";"€";
"23644.4356046";"Coste de combustible (total)";"2.77493561";"€";
"23644.4356046";"Potencia instantánea del motor (basada en el consumo de combustible)";"6.850994592694649";"hp";
"23644.4356046";"Power from MAF";"6.263999999999999";"hp";
"23644.4356046";"Velocidad del flujo del aire MAF";"5.22";"g/sec";
"23644.6024209";"Revoluciones del motor";"2516";"rpm";
"23644.6024209";"Revoluciones del motor x1000";"2.5";"rpm";
"23644.9163209";"Presión absoluta en el colector de admisión";"5.366396306259";"psi";
"23644.9163209";"Sobrealimentación calculada";"-8.26715106641154";"psi";
"23645.073022";"Combustible usado";"0.0995127630644861";"L";
"23645.073022";"Combustible usado (Hoy)";"0.099519";"L";
"23645.073022";"Combustible usado (Semana)";"0.9637370000000001";"L";
"23645.073022";"Combustible usado (total)";"2.7485039999999996";"L";
"23645.073022";"Consumo instantáneo de combustible (l/h)";"5.887615320100644";"L/h";
"23645.073022";"Coste de combustible";"0.10050789069513097";"€";
"23645.073022";"Coste de combustible (Hoy)";"0.10051419";"€";
"23645.073022";"Coste de combustible (Semana)";"0.9733743700000002";"€";
"23645.073022";"Coste de combustible (total)";"2.7759890400000002";"€";
"23645.073022";"Potencia instantánea del motor (basada en el consumo de combustible)";"23.033516303025117";"hp";
"23645.073022";"Power from MAF";"21.06";"hp";
"23645.073022";"Velocidad del flujo del aire MAF";"17.55";"g/sec";
"23645.2311618";"Revoluciones del motor";"2627";"rpm";
"23645.2311618";"Revoluciones del motor x1000";"2.6";"rpm";
"23645.5474779";"Presión absoluta en el colector de admisión";"7.396924638357";"psi";
"23645.5474779";"Sobrealimentación calculada";"-6.23662273431046";"psi";
"23645.7146381";"Combustible usado";"0.10112768444543849";"L";
"23645.7146381";"Combustible usado (Hoy)";"0.101134";"L";
"23645.7146381";"Combustible usado (Semana)";"0.965352";"L";
"23645.7146381";"Combustible usado (total)";"2.7501189999999998";"L";
"23645.7146381";"Consumo instantáneo de combustible (l/h)";"9.06122448979592";"L/h";
"23645.7146381";"Coste de combustible";"0.10213896128989287";"€";
"23645.7146381";"Coste de combustible (Hoy)";"0.10214534";"€";
"23645.7146381";"Coste de combustible (Semana)";"0.9750055200000001";"€";
"23645.7146381";"Coste de combustible (total)";"2.77762019";"€";
"23645.7146381";"Potencia instantánea del motor (basada en el consumo de combustible)";"35.44930343844492";"hp";
"23645.7146381";"Power from MAF";"32.412";"hp";
"23645.7146381";"Velocidad del flujo del aire MAF";"27.01";"g/sec";
"23645.8718347";"Revoluciones del motor";"2782";"rpm";
"23645.8718347";"Revoluciones del motor x1000";"2.8";"rpm";
"23646.1508391";"Presión absoluta en el colector de admisión";"8.412188804406";"psi";
"23646.1508391";"Sobrealimentación calculada";"-5.22135856825992";"psi";
"23646.3192301";"Combustible usado";"0.10298200291715594";"L";
"23646.3192301";"Combustible usado (Hoy)";"0.102988";"L";
"23646.3192301";"Combustible usado (Semana)";"0.967206";"L";
"23646.3192301";"Combustible usado (total)";"2.7519729999999996";"L";
"23646.3192301";"Consumo instantáneo de combustible (l/h)";"11.043891529214427";"L/h";
"23646.3192301";"Coste de combustible";"0.10401182294632749";"€";
"23646.3192301";"Coste de combustible (Hoy)";"0.10401788";"€";
"23646.3192301";"Coste de combustible (Semana)";"0.9768780600000001";"€";
"23646.3192301";"Coste de combustible (total)";"2.77949273";"€";
"23646.3192301";"Potencia instantánea del motor (basada en el consumo de combustible)";"43.20588927040381";"hp";
"23646.3192301";"Power from MAF";"39.504";"hp";
"23646.3192301";"Velocidad del flujo del aire MAF";"32.92";"g/sec";
"23646.6105916";"Revoluciones del motor";"3007";"rpm";
"23646.6105916";"Revoluciones del motor x1000";"3";"rpm";
"23646.9359079";"Presión absoluta en el colector de admisión";"5.511434044266";"psi";
"23646.9359079";"Sobrealimentación calculada";"-8.12211332840432";"psi";
"23647.092416";"Combustible usado";"0.104034084549809";"L";
"23647.092416";"Combustible usado (Hoy)";"0.10404";"L";
"23647.092416";"Combustible usado (Semana)";"0.9682580000000001";"L";
"23647.092416";"Combustible usado (total)";"2.7530249999999996";"L";
"23647.092416";"Consumo instantáneo de combustible (l/h)";"4.8979591836734695";"L/h";
"23647.092416";"Coste de combustible";"0.10507442539530709";"€";
"23647.092416";"Coste de combustible (Hoy)";"0.10508039999999999";"€";
"23647.092416";"Coste de combustible (Semana)";"0.9779405800000001";"€";
"23647.092416";"Coste de combustible (total)";"2.78055525";"€";
"23647.092416";"Potencia instantánea del motor (basada en el consumo de combustible)";"19.16178564240266";"hp";
"23647.092416";"Power from MAF";"17.52";"hp";
"23647.092416";"Velocidad del flujo del aire MAF";"14.6";"g/sec";
"23647.248143";"Revoluciones del motor";"3105";"rpm";
"23647.248143";"Revoluciones del motor x1000";"3.1";"rpm";
"23647.5309559";"Presión absoluta en el colector de admisión";"3.480905712168";"psi";
"23647.5309559";"Sobrealimentación calculada";"-10.1526416605054";"psi";
"23647.7046769";"Combustible usado";"0.10416191215059178";"L";
"23647.7046769";"Combustible usado (Hoy)";"0.104168";"L";
"23647.7046769";"Combustible usado (Semana)";"0.9683860000000001";"L";
"23647.7046769";"Combustible usado (total)";"2.7531529999999997";"L";
"23647.7046769";"Consumo instantáneo de combustible (l/h)";"0.7514677103718201";"L/h";
"23647.7046769";"Coste de combustible";"0.10520353127209771";"€";
"23647.7046769";"Coste de combustible (Hoy)";"0.10520968";"€";
"23647.7046769";"Coste de combustible (Semana)";"0.9780698600000001";"€";
"23647.7046769";"Coste de combustible (total)";"2.7806845300000003";"€";
"23647.7046769";"Potencia instantánea del motor (basada en el consumo de combustible)";"2.9398903999302717";"hp";
"23647.7046769";"Power from MAF";"2.688";"hp";
"23647.7046769";"Velocidad del flujo del aire MAF";"2.24";"g/sec";
"23647.8633886";"Revoluciones del motor";"3045";"rpm";
"23647.8633886";"Revoluciones del motor x1000";"3";"rpm";
"23648.1786408";"Presión absoluta en el colector de admisión";"1.885490594091";"psi";
"23648.1786408";"Sobrealimentación calculada";"-11.74805677858482";"psi";
"23648.3403089";"Combustible usado";"0.10445146991659682";"L";
"23648.3403089";"Combustible usado (Hoy)";"0.104458";"L";
"23648.3403089";"Combustible usado (Semana)";"0.9686760000000001";"L";
"23648.3403089";"Combustible usado (total)";"2.753443";"L";
"23648.3403089";"Consumo instantáneo de combustible (l/h)";"1.6404808498741963";"L/h";
"23648.3403089";"Coste de combustible";"0.10549598461576279";"€";
"23648.3403089";"Coste de combustible (Hoy)";"0.10550258";"€";
"23648.3403089";"Coste de combustible (Semana)";"0.9783627600000001";"€";
"23648.3403089";"Coste de combustible (total)";"2.78097743";"€";
"23648.3403089";"Potencia instantánea del motor (basada en el consumo de combustible)";"6.417885739133493";"hp";
"23648.3403089";"Power from MAF";"5.867999999999999";"hp";
"23648.3403089";"Velocidad del flujo del aire MAF";"4.89";"g/sec";
"23648.5069519";"Revoluciones del motor";"3072";"rpm";
"23648.5069519";"Revoluciones del motor x1000";"3.1";"rpm";
"23648.8106443";"Presión absoluta en el colector de admisión";"1.5954151180770002";"psi";
"23648.8106443";"Sobrealimentación calculada";"-12.03813225459926";"psi";
"23648.9550173";"Combustible usado";"0.10472475251122919";"L";
"23648.9550173";"Combustible usado (Hoy)";"0.104731";"L";
"23648.9550173";"Combustible usado (Semana)";"0.9689490000000001";"L";
"23648.9550173";"Combustible usado (total)";"2.753716";"L";
"23648.9550173";"Consumo instantáneo de combustible (l/h)";"1.6002236511042773";"L/h";
"23648.9550173";"Coste de combustible";"0.10577200003634148";"€";
"23648.9550173";"Coste de combustible (Hoy)";"0.10577831";"€";
"23648.9550173";"Coste de combustible (Semana)";"0.9786384900000001";"€";
"23648.9550173";"Coste de combustible (total)";"2.78125316";"€";
"23648.9550173";"Potencia instantánea del motor (basada en el consumo de combustible)";"6.2603916105658";"hp";
"23648.9550173";"Power from MAF";"5.724";"hp";
"23648.9550173";"Velocidad del flujo del aire MAF";"4.7700000000000005";"g/sec";
"23649.1119311";"Revoluciones del motor";"3085";"rpm";
"23649.1119311";"Revoluciones del motor x1000";"3.1";"rpm";
"23649.4430192";"Presión absoluta en el colector de admisión";"2.755717022133";"psi";
"23649.4430192";"Sobrealimentación calculada";"-10.8778303505415";"psi";
"23649.5946584";"Combustible usado";"0.10525342583692111";"L";
"23649.5946584";"Combustible usado (Hoy)";"0.10526";"L";
"23649.5946584";"Combustible usado (Semana)";"0.9694780000000001";"L";
"23649.5946584";"Combustible usado (total)";"2.7542449999999996";"L";
"23649.5946584";"Consumo instantáneo de combustible (l/h)";"2.975677942409841";"L/h";
"23649.5946584";"Coste de combustible";"0.10630596009529032";"€";
"23649.5946584";"Coste de combustible (Hoy)";"0.10631260000000001";"€";
"23649.5946584";"Coste de combustible (Semana)";"0.9791727800000001";"€";
"23649.5946584";"Coste de combustible (total)";"2.78178745";"€";
"23649.5946584";"Potencia instantánea del motor (basada en el consumo de combustible)";"11.641441003295318";"hp";
"23649.5946584";"Power from MAF";"10.644";"hp";
"23649.5946584";"Velocidad del flujo del aire MAF";"8.870000000000001";"g/sec";
"23649.7476612";"Revoluciones del motor";"3048";"rpm";
"23649.7476612";"Revoluciones del motor x1000";"3";"rpm";
"23650.0630052";"Presión absoluta en el colector de admisión";"2.465641546119";"psi";
"23650.0630052";"Sobrealimentación calculada";"-11.16790582655594";"psi";
"23650.2211895";"Combustible usado";"0.10586244248858452";"L";
"23650.2211895";"Combustible usado (Hoy)";"0.105869";"L";
"23650.2211895";"Combustible usado (Semana)";"0.970087";"L";
"23650.2211895";"Combustible usado (total)";"2.754854";"L";
"23650.2211895";"Consumo instantáneo de combustible (l/h)";"3.499021526418787";"L/h";
"23650.2211895";"Coste de combustible";"0.10692106691347036";"€";
"23650.2211895";"Coste de combustible (Hoy)";"0.10692769";"€";
"23650.2211895";"Coste de combustible (Semana)";"0.9797878700000001";"€";
"23650.2211895";"Coste de combustible (total)";"2.78240254";"€";
"23650.2211895";"Potencia instantánea del motor (basada en el consumo de combustible)";"13.688864674675324";"hp";
"23650.2211895";"Power from MAF";"12.516";"hp";
"23650.2211895";"Velocidad del flujo del aire MAF";"10.43";"g/sec";
"23650.3870729";"Revoluciones del motor";"3082";"rpm";
"23650.3870729";"Revoluciones del motor x1000";"3.1";"rpm";
"23650.6641738";"Presión absoluta en el colector de admisión";"3.770981188182";"psi";
"23650.6641738";"Sobrealimentación calculada";"-9.86256618449096";"psi";
"23650.8360911";"Combustible usado";"0.10617072721750075";"L";
"23650.8360911";"Combustible usado (Hoy)";"0.106177";"L";
"23650.8360911";"Combustible usado (Semana)";"0.970395";"L";
"23650.8360911";"Combustible usado (total)";"2.755162";"L";
"23650.8360911";"Consumo instantáneo de combustible (l/h)";"1.804864411518032";"L/h";
"23650.8360911";"Coste de combustible";"0.10723243448967576";"€";
"23650.8360911";"Coste de combustible (Hoy)";"0.10723877";"€";
"23650.8360911";"Coste de combustible (Semana)";"0.9800989500000001";"€";
"23650.8360911";"Coste de combustible (total)";"2.78271362";"€";
"23650.8360911";"Potencia instantánea del motor (basada en el consumo de combustible)";"7.060986764118242";"hp";
"23650.8360911";"Power from MAF";"6.4559999999999995";"hp";
"23650.8360911";"Velocidad del flujo del aire MAF";"5.38";"g/sec";
"23651.0065753";"Revoluciones del motor";"3079";"rpm";
"23651.0065753";"Revoluciones del motor x1000";"3.1";"rpm";
"23651.3001406";"Presión absoluta en el colector de admisión";"1.885490594091";"psi";
"23651.3001406";"Sobrealimentación calculada";"-11.74805677858482";"psi";
"23651.4766145";"Combustible usado";"0.10646200196169979";"L";
"23651.4766145";"Combustible usado (Hoy)";"0.106468";"L";
"23651.4766145";"Combustible usado (Semana)";"0.970686";"L";
"23651.4766145";"Combustible usado (total)";"2.7554529999999997";"L";
"23651.4766145";"Consumo instantáneo de combustible (l/h)";"1.6371260833100365";"L/h";
"23651.4766145";"Coste de combustible";"0.1075266219813168";"€";
"23651.4766145";"Coste de combustible (Hoy)";"0.10753267999999999";"€";
"23651.4766145";"Coste de combustible (Semana)";"0.98039286";"€";
"23651.4766145";"Coste de combustible (total)";"2.78300753";"€";
"23651.4766145";"Potencia instantánea del motor (basada en el consumo de combustible)";"6.4047612284195194";"hp";
"23651.4766145";"Power from MAF";"5.856";"hp";
"23651.4766145";"Velocidad del flujo del aire MAF";"4.88";"g/sec";
"23651.6313061";"Revoluciones del motor";"3061";"rpm";
"23651.6313061";"Revoluciones del motor x1000";"3.1";"rpm";
"23651.9552495";"Presión absoluta en el colector de admisión";"1.885490594091";"psi";
"23651.9552495";"Sobrealimentación calculada";"-11.74805677858482";"psi";
"23652.1219837";"Combustible usado";"0.10671334153266242";"L";
"23652.1219837";"Combustible usado (Hoy)";"0.106719";"L";
"23652.1219837";"Combustible usado (Semana)";"0.970937";"L";
"23652.1219837";"Combustible usado (total)";"2.7557039999999997";"L";
"23652.1219837";"Consumo instantáneo de combustible (l/h)";"1.4022924238188428";"L/h";
"23652.1219837";"Coste de combustible";"0.10778047494798904";"€";
"23652.1219837";"Coste de combustible (Hoy)";"0.10778618999999999";"€";
"23652.1219837";"Coste de combustible (Semana)";"0.9806463700000001";"€";
"23652.1219837";"Coste de combustible (total)";"2.78326104";"€";
"23652.1219837";"Potencia instantánea del motor (basada en el consumo de combustible)";"5.4860454784413095";"hp";
"23652.1219837";"Power from MAF";"5.015999999999999";"hp";
"23652.1219837";"Velocidad del flujo del aire MAF";"4.18";"g/sec";
"23652.2769766";"Revoluciones del motor";"2821";"rpm";
"23652.2769766";"Revoluciones del motor x1000";"2.8";"rpm";
"23652.543188";"Presión absoluta en el colector de admisión";"1.885490594091";"psi";
"23652.543188";"Sobrealimentación calculada";"-11.74805677858482";"psi";
"23652.7076462";"Combustible usado";"0.10692786738169792";"L";
"23652.7076462";"Combustible usado (Hoy)";"0.106934";"L";
"23652.7076462";"Combustible usado (Semana)";"0.971152";"L";
"23652.7076462";"Combustible usado (total)";"2.7559189999999996";"L";
"23652.7076462";"Consumo instantáneo de combustible (l/h)";"1.318423259714845";"L/h";
"23652.7076462";"Coste de combustible";"0.1079971460555149";"€";
"23652.7076462";"Coste de combustible (Hoy)";"0.10800334";"€";
"23652.7076462";"Coste de combustible (Semana)";"0.9808635200000001";"€";
"23652.7076462";"Coste de combustible (total)";"2.7834781900000003";"€";
"23652.7076462";"Potencia instantánea del motor (basada en el consumo de combustible)";"5.1579327105919495";"hp";
"23652.7076462";"Power from MAF";"4.716";"hp";
"23652.7076462";"Velocidad del flujo del aire MAF";"3.93";"g/sec";
"23652.875767";"Revoluciones del motor";"2630";"rpm";
"23652.875767";"Revoluciones del motor x1000";"2.6";"rpm";
"23653.1911939";"Presión absoluta en el colector de admisión";"1.885490594091";"psi";
"23653.1911939";"Sobrealimentación calculada";"-11.74805677858482";"psi";
"23653.3548637";"Combustible usado";"0.10716009998443765";"L";
"23653.3548637";"Combustible usado (Hoy)";"0.107166";"L";
"23653.3548637";"Combustible usado (Semana)";"0.971384";"L";
"23653.3548637";"Combustible usado (total)";"2.7561509999999996";"L";
"23653.3548637";"Consumo instantáneo de combustible (l/h)";"1.2915851272015657";"L/h";
"23653.3548637";"Coste de combustible";"0.10823170098428203";"€";
"23653.3548637";"Coste de combustible (Hoy)";"0.10823766";"€";
"23653.3548637";"Coste de combustible (Semana)";"0.9810978400000001";"€";
"23653.3548637";"Coste de combustible (total)";"2.78371251";"€";
"23653.3548637";"Potencia instantánea del motor (basada en el consumo de combustible)";"5.052936624880155";"hp";
"23653.3548637";"Power from MAF";"4.62";"hp";
"23653.3548637";"Velocidad del flujo del aire MAF";"3.85";"g/sec";
"23653.5102676";"Revoluciones del motor";"2575";"rpm";
"23653.5102676";"Revoluciones del motor x1000";"2.6";"rpm";
"23653.824628";"Presión absoluta en el colector de admisión";"1.4503773800700002";"psi";
"23653.824628";"Sobrealimentación calculada";"-12.18316999260648";"psi";
"23653.978651";"Combustible usado";"0.10737282886394561";"L";
"23653.978651";"Combustible usado (Hoy)";"0.107379";"L";
"23653.978651";"Combustible usado (Semana)";"0.971597";"L";
"23653.978651";"Combustible usado (total)";"2.7563639999999996";"L";
"23653.978651";"Consumo instantáneo de combustible (l/h)";"1.2278445624825274";"L/h";
"23653.978651";"Coste de combustible";"0.10844655715258507";"€";
"23653.978651";"Coste de combustible (Hoy)";"0.10845279000000001";"€";
"23653.978651";"Coste de combustible (Semana)";"0.9813129700000001";"€";
"23653.978651";"Coste de combustible (total)";"2.78392764";"€";
"23653.978651";"Potencia instantánea del motor (basada en el consumo de combustible)";"4.80357092131464";"hp";
"23653.978651";"Power from MAF";"4.392";"hp";
"23653.978651";"Velocidad del flujo del aire MAF";"3.66";"g/sec";
"23654.147668";"Revoluciones del motor";"2547";"rpm";
"23654.147668";"Revoluciones del motor x1000";"2.5";"rpm";
"23654.4758879";"Presión absoluta en el colector de admisión";"1.740452856084";"psi";
"23654.4758879";"Sobrealimentación calculada";"-11.89309451659204";"psi";
"23654.6316086";"Combustible usado";"0.10760097266461657";"L";
"23654.6316086";"Combustible usado (Hoy)";"0.107607";"L";
"23654.6316086";"Combustible usado (Semana)";"0.971825";"L";
"23654.6316086";"Combustible usado (total)";"2.7565919999999995";"L";
"23654.6316086";"Consumo instantáneo de combustible (l/h)";"1.2580374615599665";"L/h";
"23654.6316086";"Coste de combustible";"0.10867698239126274";"€";
"23654.6316086";"Coste de combustible (Hoy)";"0.10868306999999999";"€";
"23654.6316086";"Coste de combustible (Semana)";"0.9815432500000001";"€";
"23654.6316086";"Coste de combustible (total)";"2.78415792";"€";
"23654.6316086";"Potencia instantánea del motor (basada en el consumo de combustible)";"4.92169151774041";"hp";
"23654.6316086";"Power from MAF";"4.5";"hp";
"23654.6316086";"Velocidad del flujo del aire MAF";"3.75";"g/sec";
"23654.7947113";"Revoluciones del motor";"2531";"rpm";
"23654.7947113";"Revoluciones del motor x1000";"2.5";"rpm";
"23655.1114896";"Presión absoluta en el colector de admisión";"3.6259434501750003";"psi";
"23655.1114896";"Sobrealimentación calculada";"-10.00760392249818";"psi";
"23655.2673409";"Combustible usado";"0.10834042935346197";"L";
"23655.2673409";"Combustible usado (Hoy)";"0.108346";"L";
"23655.2673409";"Combustible usado (Semana)";"0.972564";"L";
"23655.2673409";"Combustible usado (total)";"2.7573309999999998";"L";
"23655.2673409";"Consumo instantáneo de combustible (l/h)";"4.186748672071569";"L/h";
"23655.2673409";"Coste de combustible";"0.1094238336469966";"€";
"23655.2673409";"Coste de combustible (Hoy)";"0.10942945999999999";"€";
"23655.2673409";"Coste de combustible (Semana)";"0.9822896400000001";"€";
"23655.2673409";"Coste de combustible (total)";"2.78490431";"€";
"23655.2673409";"Potencia instantánea del motor (basada en el consumo de combustible)";"16.379389371040084";"hp";
"23655.2673409";"Power from MAF";"14.975999999999999";"hp";
"23655.2673409";"Velocidad del flujo del aire MAF";"12.48";"g/sec";
"23655.4360692";"Revoluciones del motor";"2547";"rpm";
"23655.4360692";"Revoluciones del motor x1000";"2.5";"rpm";
"23655.7509388";"Presión absoluta en el colector de admisión";"6.236622734301";"psi";
"23655.7509388";"Sobrealimentación calculada";"-7.39692463836822";"psi";
"23655.9064221";"Combustible usado";"0.1094289128137173";"L";
"23655.9064221";"Combustible usado (Hoy)";"0.109434";"L";
"23655.9064221";"Combustible usado (Semana)";"0.9736520000000001";"L";
"23655.9064221";"Combustible usado (total)";"2.7584189999999995";"L";
"23655.9064221";"Consumo instantáneo de combustible (l/h)";"6.132513279284317";"L/h";
"23655.9064221";"Coste de combustible";"0.11052320194185448";"€";
"23655.9064221";"Coste de combustible (Hoy)";"0.11052834";"€";
"23655.9064221";"Coste de combustible (Semana)";"0.9833885200000001";"€";
"23655.9064221";"Coste de combustible (total)";"2.78600319";"€";
"23655.9064221";"Potencia instantánea del motor (basada en el consumo de combustible)";"23.99160558514525";"hp";
"23655.9064221";"Power from MAF";"21.936";"hp";
"23655.9064221";"Velocidad del flujo del aire MAF";"18.28";"g/sec";
"23656.0706409";"Revoluciones del motor";"2641";"rpm";
"23656.0706409";"Revoluciones del motor x1000";"2.6";"rpm";
"23656.3987624";"Presión absoluta en el colector de admisión";"2.030528332098";"psi";
"23656.3987624";"Sobrealimentación calculada";"-11.6030190405776";"psi";
"23656.5388842";"Combustible usado";"0.10964697500829376";"L";
"23656.5388842";"Combustible usado (Hoy)";"0.109652";"L";
"23656.5388842";"Combustible usado (Semana)";"0.97387";"L";
"23656.5388842";"Combustible usado (total)";"2.758637";"L";
"23656.5388842";"Consumo instantáneo de combustible (l/h)";"1.241263628739167";"L/h";
"23656.5388842";"Coste de combustible";"0.1107434447583767";"€";
"23656.5388842";"Coste de combustible (Hoy)";"0.11074852";"€";
"23656.5388842";"Coste de combustible (Semana)";"0.9836087000000001";"€";
"23656.5388842";"Coste de combustible (total)";"2.78622337";"€";
"23656.5388842";"Potencia instantánea del motor (basada en el consumo de combustible)";"4.856068964170537";"hp";
"23656.5388842";"Power from MAF";"4.44";"hp";
"23656.5388842";"Velocidad del flujo del aire MAF";"3.7";"g/sec";
"23656.682907";"Revoluciones del motor";"2674";"rpm";
"23656.682907";"Revoluciones del motor x1000";"2.7";"rpm";
"23656.9954053";"Presión absoluta en el colector de admisión";"2.030528332098";"psi";
"23656.9954053";"Sobrealimentación calculada";"-11.6030190405776";"psi";
"23657.1585982";"Combustible usado";"0.10988342015320104";"L";
"23657.1585982";"Combustible usado (Hoy)";"0.109888";"L";
"23657.1585982";"Combustible usado (Semana)";"0.974106";"L";
"23657.1585982";"Combustible usado (total)";"2.758873";"L";
"23657.1585982";"Consumo instantáneo de combustible (l/h)";"1.3720995247414034";"L/h";
"23657.1585982";"Coste de combustible";"0.11098225435473305";"€";
"23657.1585982";"Coste de combustible (Hoy)";"0.11098688";"€";
"23657.1585982";"Coste de combustible (Semana)";"0.9838470600000001";"€";
"23657.1585982";"Coste de combustible (total)";"2.78646173";"€";
"23657.1585982";"Potencia instantánea del motor (basada en el consumo de combustible)";"5.367924882015539";"hp";
"23657.1585982";"Power from MAF";"4.9079999999999995";"hp";
"23657.1585982";"Velocidad del flujo del aire MAF";"4.09";"g/sec";
"23657.3148307";"Revoluciones del motor";"2601";"rpm";
"23657.3148307";"Revoluciones del motor x1000";"2.6";"rpm";
"23657.6317467";"Presión absoluta en el colector de admisión";"2.030528332098";"psi";
"23657.6317467";"Sobrealimentación calculada";"-11.6030190405776";"psi";
"23657.7998772";"Combustible usado";"0.11010911827844566";"L";
"23657.7998772";"Combustible usado (Hoy)";"0.110114";"L";
"23657.7998772";"Combustible usado (Semana)";"0.9743320000000001";"L";
"23657.7998772";"Combustible usado (total)";"2.7590989999999995";"L";
"23657.7998772";"Consumo instantáneo de combustible (l/h)";"1.2681017612524463";"L/h";
"23657.7998772";"Coste de combustible";"0.11121020946123011";"€";
"23657.7998772";"Coste de combustible (Hoy)";"0.11121514";"€";
"23657.7998772";"Coste de combustible (Semana)";"0.9840753200000001";"€";
"23657.7998772";"Coste de combustible (total)";"2.78668999";"€";
"23657.7998772";"Potencia instantánea del motor (basada en el consumo de combustible)";"4.961065049882333";"hp";
"23657.7998772";"Power from MAF";"4.5360000000000005";"hp";
"23657.7998772";"Velocidad del flujo del aire MAF";"3.7800000000000002";"g/sec";
"23657.9662542";"Revoluciones del motor";"2560";"rpm";
"23657.9662542";"Revoluciones del motor x1000";"2.6";"rpm";
"23658.2881902";"Presión absoluta en el colector de admisión";"1.885490594091";"psi";
"23658.2881902";"Sobrealimentación calculada";"-11.74805677858482";"psi";
"23658.454607";"Combustible usado";"0.11033855785127206";"L";
"23658.454607";"Combustible usado (Hoy)";"0.110343";"L";
"23658.454607";"Combustible usado (Semana)";"0.974561";"L";
"23658.454607";"Combustible usado (total)";"2.7593279999999996";"L";
"23658.454607";"Consumo instantáneo de combustible (l/h)";"1.2613922281241265";"L/h";
"23658.454607";"Coste de combustible";"0.11144194342978478";"€";
"23658.454607";"Coste de combustible (Hoy)";"0.11144643";"€";
"23658.454607";"Coste de combustible (Semana)";"0.9843066100000001";"€";
"23658.454607";"Coste de combustible (total)";"2.78692128";"€";
"23658.454607";"Potencia instantánea del motor (basada en el consumo de combustible)";"4.934816028454384";"hp";
"23658.454607";"Power from MAF";"4.5120000000000005";"hp";
"23658.454607";"Velocidad del flujo del aire MAF";"3.7600000000000002";"g/sec";
"23658.6228464";"Revoluciones del motor";"2503";"rpm";
"23658.6228464";"Revoluciones del motor x1000";"2.5";"rpm";
"23658.9366853";"Presión absoluta en el colector de admisión";"1.885490594091";"psi";
"23658.9366853";"Sobrealimentación calculada";"-11.74805677858482";"psi";
"23659.0753627";"Combustible usado";"0.11054446196794339";"L";
"23659.0753627";"Combustible usado (Hoy)";"0.110549";"L";
"23659.0753627";"Combustible usado (Semana)";"0.974767";"L";
"23659.0753627";"Combustible usado (total)";"2.7595339999999995";"L";
"23659.0753627";"Consumo instantáneo de combustible (l/h)";"1.1942968968409284";"L/h";
"23659.0753627";"Coste de combustible";"0.11164990658762282";"€";
"23659.0753627";"Coste de combustible (Hoy)";"0.11165449";"€";
"23659.0753627";"Coste de combustible (Semana)";"0.98451467";"€";
"23659.0753627";"Coste de combustible (total)";"2.78712934";"€";
"23659.0753627";"Potencia instantánea del motor (basada en el consumo de combustible)";"4.672325814174896";"hp";
"23659.0753627";"Power from MAF";"4.272";"hp";
"23659.0753627";"Velocidad del flujo del aire MAF";"3.56";"g/sec";
"23659.227131";"Revoluciones del motor";"2452";"rpm";
"23659.227131";"Revoluciones del motor x1000";"2.5";"rpm";
"23659.5312295";"Presión absoluta en el colector de admisión";"1.885490594091";"psi";
"23659.5312295";"Sobrealimentación calculada";"-11.74805677858482";"psi";
"23659.6959733";"Combustible usado";"0.11074685443369682";"L";
"23659.6959733";"Combustible usado (Hoy)";"0.110751";"L";
"23659.6959733";"Combustible usado (Semana)";"0.9749690000000001";"L";
"23659.6959733";"Combustible usado (total)";"2.7597359999999997";"L";
"23659.6959733";"Consumo instantáneo de combustible (l/h)";"1.1741682974559688";"L/h";
"23659.6959733";"Coste de combustible";"0.11185432297803378";"€";
"23659.6959733";"Coste de combustible (Hoy)";"0.11185851000000001";"€";
"23659.6959733";"Coste de combustible (Semana)";"0.9847186900000001";"€";
"23659.6959733";"Coste de combustible (total)";"2.78733336";"€";
"23659.6959733";"Potencia instantánea del motor (basada en el consumo de combustible)";"4.593578749891049";"hp";
"23659.6959733";"Power from MAF";"4.2";"hp";
"23659.6959733";"Velocidad del flujo del aire MAF";"3.5";"g/sec";
"23659.863396";"Revoluciones del motor";"2400";"rpm";
"23659.863396";"Revoluciones del motor x1000";"2.4";"rpm";
"23660.2078184";"Presión absoluta en el colector de admisión";"2.030528332098";"psi";
"23660.2078184";"Sobrealimentación calculada";"-11.6030190405776";"psi";
"23660.374703";"Combustible usado";"0.11096003025142118";"L";
"23660.374703";"Combustible usado (Hoy)";"0.110964";"L";
"23660.374703";"Combustible usado (Semana)";"0.975182";"L";
"23660.374703";"Combustible usado (total)";"2.7599489999999998";"L";
"23660.374703";"Consumo instantáneo de combustible (l/h)";"1.13055633212189";"L/h";
"23660.374703";"Coste de combustible";"0.11206963055393539";"€";
"23660.374703";"Coste de combustible (Hoy)";"0.11207363999999999";"€";
"23660.374703";"Coste de combustible (Semana)";"0.9849338200000001";"€";
"23660.374703";"Coste de combustible (total)";"2.7875484900000003";"€";
"23660.374703";"Potencia instantánea del motor (basada en el consumo de combustible)";"4.422960110609382";"hp";
"23660.374703";"Power from MAF";"4.044";"hp";
"23660.374703";"Velocidad del flujo del aire MAF";"3.37";"g/sec";
"23660.5322245";"Revoluciones del motor";"2263";"rpm";
"23660.5322245";"Revoluciones del motor x1000";"2.3";"rpm";
"23660.8393163";"Presión absoluta en el colector de admisión";"1.740452856084";"psi";
"23660.8393163";"Sobrealimentación calculada";"-11.89309451659204";"psi";
"23661.0000416";"Combustible usado";"0.11113892908722399";"L";
"23661.0000416";"Combustible usado (Hoy)";"0.111143";"L";
"23661.0000416";"Combustible usado (Semana)";"0.975361";"L";
"23661.0000416";"Combustible usado (total)";"2.760128";"L";
"23661.0000416";"Consumo instantáneo de combustible (l/h)";"1.0299133351970928";"L/h";
"23661.0000416";"Coste de combustible";"0.11225031837809624";"€";
"23661.0000416";"Coste de combustible (Hoy)";"0.11225443";"€";
"23661.0000416";"Coste de combustible (Semana)";"0.9851146100000001";"€";
"23661.0000416";"Coste de combustible (total)";"2.78772928";"€";
"23661.0000416";"Potencia instantánea del motor (basada en el consumo de combustible)";"4.02922478919015";"hp";
"23661.0000416";"Power from MAF";"3.684";"hp";
"23661.0000416";"Velocidad del flujo del aire MAF";"3.0700000000000003";"g/sec";
"23661.155796";"Revoluciones del motor";"2094";"rpm";
"23661.155796";"Revoluciones del motor x1000";"2.1";"rpm";
"23661.4440526";"Presión absoluta en el colector de admisión";"1.740452856084";"psi";
"23661.4440526";"Sobrealimentación calculada";"-11.89309451659204";"psi";
"23661.5967375";"Combustible usado";"0.11128299806047905";"L";
"23661.5967375";"Combustible usado (Hoy)";"0.111287";"L";
"23661.5967375";"Combustible usado (Semana)";"0.9755050000000001";"L";
"23661.5967375";"Combustible usado (total)";"2.7602719999999996";"L";
"23661.5967375";"Consumo instantáneo de combustible (l/h)";"0.8688845401174169";"L/h";
"23661.5967375";"Coste de combustible";"0.11239582804108383";"€";
"23661.5967375";"Coste de combustible (Hoy)";"0.11239987";"€";
"23661.5967375";"Coste de combustible (Semana)";"0.98526005";"€";
"23661.5967375";"Coste de combustible (total)";"2.78787472";"€";
"23661.5967375";"Potencia instantánea del motor (basada en el consumo de combustible)";"3.399248274919376";"hp";
"23661.5967375";"Power from MAF";"3.1079999999999997";"hp";
"23661.5967375";"Velocidad del flujo del aire MAF";"2.59";"g/sec";
"23661.7507077";"Revoluciones del motor";"1932";"rpm";
"23661.7507077";"Revoluciones del motor x1000";"1.9";"rpm";
"23662.0522659";"Presión absoluta en el colector de admisión";"1.885490594091";"psi";
"23662.0522659";"Sobrealimentación calculada";"-11.74805677858482";"psi";
"23662.2122446";"Combustible usado";"0.11142175489786606";"L";
"23662.2122446";"Combustible usado (Hoy)";"0.111426";"L";
"23662.2122446";"Combustible usado (Semana)";"0.9756440000000001";"L";
"23662.2122446";"Combustible usado (total)";"2.7604109999999995";"L";
"23662.2122446";"Consumo instantáneo de combustible (l/h)";"0.8118535085266984";"L/h";
"23662.2122446";"Coste de combustible";"0.11253597244684471";"€";
"23662.2122446";"Coste de combustible (Hoy)";"0.11254026";"€";
"23662.2122446";"Coste de combustible (Semana)";"0.98540044";"€";
"23662.2122446";"Coste de combustible (total)";"2.78801511";"€";
"23662.2122446";"Potencia instantánea del motor (basada en el consumo de combustible)";"3.1761315927818106";"hp";
"23662.2122446";"Power from MAF";"2.904";"hp";
"23662.2122446";"Velocidad del flujo del aire MAF";"2.42";"g/sec";
"23662.3796874";"Revoluciones del motor";"1906";"rpm";
"23662.3796874";"Revoluciones del motor x1000";"1.9";"rpm";
"23662.6870565";"Presión absoluta en el colector de admisión";"4.206094402203";"psi";
"23662.6870565";"Sobrealimentación calculada";"-9.4274529704693";"psi";
"23662.8565332";"Combustible usado";"0.11192071917183866";"L";
"23662.8565332";"Combustible usado (Hoy)";"0.111925";"L";
"23662.8565332";"Combustible usado (Semana)";"0.976143";"L";
"23662.8565332";"Combustible usado (total)";"2.7609099999999995";"L";
"23662.8565332";"Consumo instantáneo de combustible (l/h)";"2.7878110148168864";"L/h";
"23662.8565332";"Coste de combustible";"0.11303992636355704";"€";
"23662.8565332";"Coste de combustible (Hoy)";"0.11304425";"€";
"23662.8565332";"Coste de combustible (Semana)";"0.98590443";"€";
"23662.8565332";"Coste de combustible (total)";"2.7885191000000003";"€";
"23662.8565332";"Potencia instantánea del motor (basada en el consumo de combustible)";"10.906468403312749";"hp";
"23662.8565332";"Power from MAF";"9.972";"hp";
"23662.8565332";"Velocidad del flujo del aire MAF";"8.31";"g/sec";
"23663.0282209";"Revoluciones del motor";"1886";"rpm";
"23663.0282209";"Revoluciones del motor x1000";"1.9";"rpm";
"23663.3436702";"Presión absoluta en el colector de admisión";"1.885490594091";"psi";
"23663.3436702";"Sobrealimentación calculada";"-11.74805677858482";"psi";
"23663.4918606";"Combustible usado";"0.11206043539437151";"L";
"23663.4918606";"Combustible usado (Hoy)";"0.112065";"L";
"23663.4918606";"Combustible usado (Semana)";"0.976283";"L";
"23663.4918606";"Combustible usado (total)";"2.7610499999999996";"L";
"23663.4918606";"Consumo instantáneo de combustible (l/h)";"0.791724909141739";"L/h";
"23663.4918606";"Coste de combustible";"0.11318103974831523";"€";
"23663.4918606";"Coste de combustible (Hoy)";"0.11318565";"€";
"23663.4918606";"Coste de combustible (Semana)";"0.9860458300000001";"€";
"23663.4918606";"Coste de combustible (total)";"2.7886605";"€";
"23663.4918606";"Potencia instantánea del motor (basada en el consumo de combustible)";"3.097384528497964";"hp";
"23663.4918606";"Power from MAF";"2.832";"hp";
"23663.4918606";"Velocidad del flujo del aire MAF";"2.36";"g/sec";
"23663.6512456";"Revoluciones del motor";"1886";"rpm";
"23663.6512456";"Revoluciones del motor x1000";"1.9";"rpm";
"23663.9517827";"Presión absoluta en el colector de admisión";"3.770981188182";"psi";
"23663.9517827";"Sobrealimentación calculada";"-9.86256618449096";"psi";
"23664.1074778";"Combustible usado";"0.11267138374494462";"L";
"23664.1074778";"Combustible usado (Hoy)";"0.112676";"L";
"23664.1074778";"Combustible usado (Semana)";"0.976894";"L";
"23664.1074778";"Combustible usado (total)";"2.7616609999999997";"L";
"23664.1074778";"Consumo instantáneo de combustible (l/h)";"3.572826390830305";"L/h";
"23664.1074778";"Coste de combustible";"0.11379809758239406";"€";
"23664.1074778";"Coste de combustible (Hoy)";"0.11380276";"€";
"23664.1074778";"Coste de combustible (Semana)";"0.9866629400000001";"€";
"23664.1074778";"Coste de combustible (total)";"2.78927761";"€";
"23664.1074778";"Potencia instantánea del motor (basada en el consumo de combustible)";"13.977603910382761";"hp";
"23664.1074778";"Power from MAF";"12.78";"hp";
"23664.1074778";"Velocidad del flujo del aire MAF";"10.65";"g/sec";
"23664.2630936";"Revoluciones del motor";"1981";"rpm";
"23664.2630936";"Revoluciones del motor x1000";"2";"rpm";
"23664.5827345";"Presión absoluta en el colector de admisión";"6.961811424336";"psi";
"23664.5827345";"Sobrealimentación calculada";"-6.67173594833212";"psi";
"23664.7398181";"Combustible usado";"0.11347503243639928";"L";
"23664.7398181";"Combustible usado (Hoy)";"0.11348";"L";
"23664.7398181";"Combustible usado (Semana)";"0.9776980000000001";"L";
"23664.7398181";"Combustible usado (total)";"2.7624649999999997";"L";
"23664.7398181";"Consumo instantáneo de combustible (l/h)";"4.575901593514119";"L/h";
"23664.7398181";"Coste de combustible";"0.11460978276076328";"€";
"23664.7398181";"Coste de combustible (Hoy)";"0.1146148";"€";
"23664.7398181";"Coste de combustible (Semana)";"0.9874749800000001";"€";
"23664.7398181";"Coste de combustible (total)";"2.79008965";"€";
"23664.7398181";"Potencia instantánea del motor (basada en el consumo de combustible)";"17.901832613861117";"hp";
"23664.7398181";"Power from MAF";"16.368";"hp";
"23664.7398181";"Velocidad del flujo del aire MAF";"13.64";"g/sec";
"23664.8829272";"Revoluciones del motor";"2032";"rpm";
"23664.8829272";"Revoluciones del motor x1000";"2";"rpm";
"23665.199507";"Presión absoluta en el colector de admisión";"6.381660472308001";"psi";
"23665.199507";"Sobrealimentación calculada";"-7.251886900361";"psi";
"23665.3597843";"Combustible usado";"0.11423429729354213";"L";
"23665.3597843";"Combustible usado (Hoy)";"0.114239";"L";
"23665.3597843";"Combustible usado (Semana)";"0.978457";"L";
"23665.3597843";"Combustible usado (total)";"2.7632239999999997";"L";
"23665.3597843";"Consumo instantáneo de combustible (l/h)";"4.408163265306123";"L/h";
"23665.3597843";"Coste de combustible";"0.11537664026647755";"€";
"23665.3597843";"Coste de combustible (Hoy)";"0.11538139";"€";
"23665.3597843";"Coste de combustible (Semana)";"0.9882415700000001";"€";
"23665.3597843";"Coste de combustible (total)";"2.79085624";"€";
"23665.3597843";"Potencia instantánea del motor (basada en el consumo de combustible)";"17.245607078162394";"hp";
"23665.3597843";"Power from MAF";"15.768";"hp";
"23665.3597843";"Velocidad del flujo del aire MAF";"13.14";"g/sec";
"23665.5198305";"Revoluciones del motor";"2142";"rpm";
"23665.5198305";"Revoluciones del motor x1000";"2.1";"rpm";
"23665.8399179";"Presión absoluta en el colector de admisión";"6.381660472308001";"psi";
"23665.8399179";"Sobrealimentación calculada";"-7.251886900361";"psi";
"23665.9910126";"Combustible usado";"0.11496074130342006";"L";
"23665.9910126";"Combustible usado (Hoy)";"0.114965";"L";
"23665.9910126";"Combustible usado (Semana)";"0.979183";"L";
"23665.9910126";"Combustible usado (total)";"2.76395";"L";
"23665.9910126";"Consumo instantáneo de combustible (l/h)";"4.14313670673749";"L/h";
"23665.9910126";"Coste de combustible";"0.11611034871645426";"€";
"23665.9910126";"Coste de combustible (Hoy)";"0.11611465";"€";
"23665.9910126";"Coste de combustible (Semana)";"0.9889748300000001";"€";
"23665.9910126";"Coste de combustible (total)";"2.7915895";"€";
"23665.9910126";"Potencia instantánea del motor (basada en el consumo de combustible)";"16.208770731758417";"hp";
"23665.9910126";"Power from MAF";"14.819999999999999";"hp";
"23665.9910126";"Velocidad del flujo del aire MAF";"12.35";"g/sec";
"23666.1433489";"Revoluciones del motor";"2221";"rpm";
"23666.1433489";"Revoluciones del motor x1000";"2.2";"rpm";
"23666.451319";"Presión absoluta en el colector de admisión";"3.770981188182";"psi";
"23666.451319";"Sobrealimentación calculada";"-9.86256618449096";"psi";
"23666.5904788";"Combustible usado";"0.11512217011601907";"L";
"23666.5904788";"Combustible usado (Hoy)";"0.115126";"L";
"23666.5904788";"Combustible usado (Semana)";"0.979344";"L";
"23666.5904788";"Combustible usado (total)";"2.7641109999999998";"L";
"23666.5904788";"Consumo instantáneo de combustible (l/h)";"0.9695275370422143";"L/h";
"23666.5904788";"Coste de combustible";"0.11627339181717926";"€";
"23666.5904788";"Coste de combustible (Hoy)";"0.11627726000000001";"€";
"23666.5904788";"Coste de combustible (Semana)";"0.9891374400000001";"€";
"23666.5904788";"Coste de combustible (total)";"2.79175211";"€";
"23666.5904788";"Potencia instantánea del motor (basada en el consumo de combustible)";"3.7929835963386087";"hp";
"23666.5904788";"Power from MAF";"3.468";"hp";
"23666.5904788";"Velocidad del flujo del aire MAF";"2.89";"g/sec";
"23666.7436406";"Revoluciones del motor";"2266";"rpm";
"23666.7436406";"Revoluciones del motor x1000";"2.3";"rpm";
"23667.0347425";"Presión absoluta en el colector de admisión";"3.9160189261890004";"psi";
"23667.0347425";"Sobrealimentación calculada";"-9.71752844648374";"psi";
"23667.1909969";"Combustible usado";"0.11560852854738614";"L";
"23667.1909969";"Combustible usado (Hoy)";"0.115612";"L";
"23667.1909969";"Combustible usado (Semana)";"0.9798300000000001";"L";
"23667.1909969";"Combustible usado (total)";"2.7645969999999997";"L";
"23667.1909969";"Consumo instantáneo de combustible (l/h)";"2.9152921442549626";"L/h";
"23667.1909969";"Coste de combustible";"0.11676461383286";"€";
"23667.1909969";"Coste de combustible (Hoy)";"0.11676812";"€";
"23667.1909969";"Coste de combustible (Semana)";"0.9896283000000001";"€";
"23667.1909969";"Coste de combustible (total)";"2.79224297";"€";
"23667.1909969";"Potencia instantánea del motor (basada en el consumo de combustible)";"11.405199810443778";"hp";
"23667.1909969";"Power from MAF";"10.427999999999999";"hp";
"23667.1909969";"Velocidad del flujo del aire MAF";"8.69";"g/sec";
"23667.3618707";"Revoluciones del motor";"2209";"rpm";
"23667.3618707";"Revoluciones del motor x1000";"2.2";"rpm";
"23667.6687947";"Presión absoluta en el colector de admisión";"1.740452856084";"psi";
"23667.6687947";"Sobrealimentación calculada";"-11.89309451659204";"psi";
"23667.8281956";"Combustible usado";"0.11581513164942696";"L";
"23667.8281956";"Combustible usado (Hoy)";"0.115819";"L";
"23667.8281956";"Combustible usado (Semana)";"0.980037";"L";
"23667.8281956";"Combustible usado (total)";"2.764804";"L";
"23667.8281956";"Consumo instantáneo de combustible (l/h)";"1.167458764327649";"L/h";
"23667.8281956";"Coste de combustible";"0.11697328296592123";"€";
"23667.8281956";"Coste de combustible (Hoy)";"0.11697719000000001";"€";
"23667.8281956";"Coste de combustible (Semana)";"0.98983737";"€";
"23667.8281956";"Coste de combustible (total)";"2.79245204";"€";
"23667.8281956";"Potencia instantánea del motor (basada en el consumo de combustible)";"4.567329728463101";"hp";
"23667.8281956";"Power from MAF";"4.176";"hp";
"23667.8281956";"Velocidad del flujo del aire MAF";"3.48";"g/sec";
"23668.0067689";"Revoluciones del motor";"2222";"rpm";
"23668.0067689";"Revoluciones del motor x1000";"2.2";"rpm";
"23668.3233296";"Presión absoluta en el colector de admisión";"2.030528332098";"psi";
"23668.3233296";"Sobrealimentación calculada";"-11.6030190405776";"psi";
"23668.4880104";"Combustible usado";"0.11601744923520647";"L";
"23668.4880104";"Combustible usado (Hoy)";"0.116021";"L";
"23668.4880104";"Combustible usado (Semana)";"0.9802390000000001";"L";
"23668.4880104";"Combustible usado (total)";"2.7650059999999996";"L";
"23668.4880104";"Consumo instantáneo de combustible (l/h)";"1.1037181996086107";"L/h";
"23668.4880104";"Coste de combustible";"0.11717762372755854";"€";
"23668.4880104";"Coste de combustible (Hoy)";"0.11718121";"€";
"23668.4880104";"Coste de combustible (Semana)";"0.9900413900000001";"€";
"23668.4880104";"Coste de combustible (total)";"2.79265606";"€";
"23668.4880104";"Potencia instantánea del motor (basada en el consumo de combustible)";"4.317964024897585";"hp";
"23668.4880104";"Power from MAF";"3.948";"hp";
"23668.4880104";"Velocidad del flujo del aire MAF";"3.29";"g/sec";
"23668.6554464";"Revoluciones del motor";"2201";"rpm";
"23668.6554464";"Revoluciones del motor x1000";"2.2";"rpm";
"23668.960208";"Presión absoluta en el colector de admisión";"2.755717022133";"psi";
"23668.960208";"Sobrealimentación calculada";"-10.8778303505415";"psi";
"23669.1033415";"Combustible usado";"0.11642574013148828";"L";
"23669.1033415";"Combustible usado (Hoy)";"0.116429";"L";
"23669.1033415";"Combustible usado (Semana)";"0.980647";"L";
"23669.1033415";"Combustible usado (total)";"2.765414";"L";
"23669.1033415";"Consumo instantáneo de combustible (l/h)";"2.388593793681857";"L/h";
"23669.1033415";"Coste de combustible";"0.11758999753280316";"€";
"23669.1033415";"Coste de combustible (Hoy)";"0.11759329";"€";
"23669.1033415";"Coste de combustible (Semana)";"0.9904534700000001";"€";
"23669.1033415";"Coste de combustible (total)";"2.79306814";"€";
"23669.1033415";"Potencia instantánea del motor (basada en el consumo de combustible)";"9.344651628349792";"hp";
"23669.1033415";"Power from MAF";"8.544";"hp";
"23669.1033415";"Velocidad del flujo del aire MAF";"7.12";"g/sec";
"23669.2716283";"Revoluciones del motor";"2210";"rpm";
"23669.2716283";"Revoluciones del motor x1000";"2.2";"rpm";
"23669.6004713";"Presión absoluta en el colector de admisión";"5.076320830245001";"psi";
"23669.6004713";"Sobrealimentación calculada";"-8.55722654242598";"psi";
"23669.7671385";"Combustible usado";"0.11676470384372385";"L";
"23669.7671385";"Combustible usado (Hoy)";"0.116768";"L";
"23669.7671385";"Combustible usado (Semana)";"0.980986";"L";
"23669.7671385";"Combustible usado (total)";"2.7657529999999997";"L";
"23669.7671385";"Consumo instantáneo de combustible (l/h)";"1.838412077159631";"L/h";
"23669.7671385";"Coste de combustible";"0.11793235088216109";"€";
"23669.7671385";"Coste de combustible (Hoy)";"0.11793568";"€";
"23669.7671385";"Coste de combustible (Semana)";"0.9907958600000001";"€";
"23669.7671385";"Coste de combustible (total)";"2.79341053";"€";
"23669.7671385";"Potencia instantánea del motor (basada en el consumo de combustible)";"7.1922318712579845";"hp";
"23669.7671385";"Power from MAF";"6.5760000000000005";"hp";
"23669.7671385";"Velocidad del flujo del aire MAF";"5.48";"g/sec";
"23669.9237145";"Revoluciones del motor";"2201";"rpm";
"23669.9237145";"Revoluciones del motor x1000";"2.2";"rpm";
"23670.2153136";"Presión absoluta en el colector de admisión";"1.4503773800700002";"psi";
"23670.2153136";"Sobrealimentación calculada";"-12.18316999260648";"psi";
"23670.3712492";"Combustible usado";"0.11693975502348343";"L";
"23670.3712492";"Combustible usado (Hoy)";"0.116943";"L";
"23670.3712492";"Combustible usado (Semana)";"0.9811610000000001";"L";
"23670.3712492";"Combustible usado (total)";"2.7659279999999997";"L";
"23670.3712492";"Consumo instantáneo de combustible (l/h)";"1.0433324014537322";"L/h";
"23670.3712492";"Coste de combustible";"0.11810915257371826";"€";
"23670.3712492";"Coste de combustible (Hoy)";"0.11811243";"€";
"23670.3712492";"Coste de combustible (Semana)";"0.9909726100000001";"€";
"23670.3712492";"Coste de combustible (total)";"2.79358728";"€";
"23670.3712492";"Potencia instantánea del motor (basada en el consumo de combustible)";"4.081722832046046";"hp";
"23670.3712492";"Power from MAF";"3.7319999999999998";"hp";
"23670.3712492";"Velocidad del flujo del aire MAF";"3.11";"g/sec";
"23670.5436576";"Revoluciones del motor";"2185";"rpm";
"23670.5436576";"Revoluciones del motor x1000";"2.2";"rpm";
"23670.8780108";"Presión absoluta en el colector de admisión";"1.885490594091";"psi";
"23670.8780108";"Sobrealimentación calculada";"-11.74805677858482";"psi";
"23671.0514271";"Combustible usado";"0.11713121483393912";"L";
"23671.0514271";"Combustible usado (Hoy)";"0.117134";"L";
"23671.0514271";"Combustible usado (Semana)";"0.981352";"L";
"23671.0514271";"Combustible usado (total)";"2.7661189999999998";"L";
"23671.0514271";"Consumo instantáneo de combustible (l/h)";"1.013139502376293";"L/h";
"23671.0514271";"Coste de combustible";"0.11830252698227851";"€";
"23671.0514271";"Coste de combustible (Hoy)";"0.11830534000000001";"€";
"23671.0514271";"Coste de combustible (Semana)";"0.9911655200000001";"€";
"23671.0514271";"Coste de combustible (total)";"2.79378019";"€";
"23671.0514271";"Potencia instantánea del motor (basada en el consumo de combustible)";"3.963602235620276";"hp";
"23671.0514271";"Power from MAF";"3.6239999999999997";"hp";
"23671.0514271";"Velocidad del flujo del aire MAF";"3.02";"g/sec";
"23671.2320966";"Revoluciones del motor";"2097";"rpm";
"23671.2320966";"Revoluciones del motor x1000";"2.1";"rpm";
"23671.5398532";"Presión absoluta en el colector de admisión";"1.740452856084";"psi";
"23671.5398532";"Sobrealimentación calculada";"-11.89309451659204";"psi";
"23671.6961726";"Combustible usado";"0.1173048508061691";"L";
"23671.6961726";"Combustible usado (Hoy)";"0.117308";"L";
"23671.6961726";"Combustible usado (Semana)";"0.981526";"L";
"23671.6961726";"Combustible usado (total)";"2.7662929999999997";"L";
"23671.6961726";"Consumo instantáneo de combustible (l/h)";"0.9695275370422143";"L/h";
"23671.6961726";"Coste de combustible";"0.11847789931423079";"€";
"23671.6961726";"Coste de combustible (Hoy)";"0.11848108";"€";
"23671.6961726";"Coste de combustible (Semana)";"0.9913412600000001";"€";
"23671.6961726";"Coste de combustible (total)";"2.79395593";"€";
"23671.6961726";"Potencia instantánea del motor (basada en el consumo de combustible)";"3.7929835963386087";"hp";
"23671.6961726";"Power from MAF";"3.468";"hp";
"23671.6961726";"Velocidad del flujo del aire MAF";"2.89";"g/sec";
"23671.8409978";"Revoluciones del motor";"2070";"rpm";
"23671.8409978";"Revoluciones del motor x1000";"2.1";"rpm";
"23672.1597834";"Presión absoluta en el colector de admisión";"2.320603808112";"psi";
"23672.1597834";"Sobrealimentación calculada";"-11.31294356456316";"psi";
"23672.3272628";"Combustible usado";"0.1176500022659585";"L";
"23672.3272628";"Combustible usado (Hoy)";"0.117653";"L";
"23672.3272628";"Combustible usado (Semana)";"0.981871";"L";
"23672.3272628";"Combustible usado (total)";"2.7666379999999995";"L";
"23672.3272628";"Consumo instantáneo de combustible (l/h)";"1.9692479731618677";"L/h";
"23672.3272628";"Coste de combustible";"0.11882650228861807";"€";
"23672.3272628";"Coste de combustible (Hoy)";"0.11882952999999999";"€";
"23672.3272628";"Coste de combustible (Semana)";"0.9916897100000001";"€";
"23672.3272628";"Coste de combustible (total)";"2.7943043800000003";"€";
"23672.3272628";"Potencia instantánea del motor (basada en el consumo de combustible)";"7.704087789102989";"hp";
"23672.3272628";"Power from MAF";"7.044";"hp";
"23672.3272628";"Velocidad del flujo del aire MAF";"5.87";"g/sec";
"23672.4717486";"Revoluciones del motor";"2080";"rpm";
"23672.4717486";"Revoluciones del motor x1000";"2.1";"rpm";
"23672.7751409";"Presión absoluta en el colector de admisión";"7.541962376364";"psi";
"23672.7751409";"Sobrealimentación calculada";"-6.09158499630324";"psi";
"23672.9434507";"Combustible usado";"0.11883458778557456";"L";
"23672.9434507";"Combustible usado (Hoy)";"0.118838";"L";
"23672.9434507";"Combustible usado (Semana)";"0.983056";"L";
"23672.9434507";"Combustible usado (total)";"2.767823";"L";
"23672.9434507";"Consumo instantáneo de combustible (l/h)";"6.920883421861896";"L/h";
"23672.9434507";"Coste de combustible";"0.1200229336634303";"€";
"23672.9434507";"Coste de combustible (Hoy)";"0.12002638";"€";
"23672.9434507";"Coste de combustible (Semana)";"0.9928865600000001";"€";
"23672.9434507";"Coste de combustible (total)";"2.79550123";"€";
"23672.9434507";"Potencia instantánea del motor (basada en el consumo de combustible)";"27.07586560292924";"hp";
"23672.9434507";"Power from MAF";"24.755999999999997";"hp";
"23672.9434507";"Velocidad del flujo del aire MAF";"20.63";"g/sec";
"23673.1122427";"Revoluciones del motor";"2232";"rpm";
"23673.1122427";"Revoluciones del motor x1000";"2.2";"rpm";
"23673.4229329";"Presión absoluta en el colector de admisión";"7.977075590385001";"psi";
"23673.4229329";"Sobrealimentación calculada";"-5.65647178228158";"psi";
"23673.599932";"Combustible usado";"0.11943236747982486";"L";
"23673.599932";"Combustible usado (Hoy)";"0.119436";"L";
"23673.599932";"Combustible usado (Semana)";"0.983654";"L";
"23673.599932";"Combustible usado (total)";"2.7684209999999996";"L";
"23673.599932";"Consumo instantáneo de combustible (l/h)";"3.2776069331842326";"L/h";
"23673.599932";"Coste de combustible";"0.12062669115462311";"€";
"23673.599932";"Coste de combustible (Hoy)";"0.12063036";"€";
"23673.599932";"Coste de combustible (Semana)";"0.9934905400000001";"€";
"23673.599932";"Coste de combustible (total)";"2.79610521";"€";
"23673.599932";"Potencia instantánea del motor (basada en el consumo de combustible)";"12.82264696755301";"hp";
"23673.599932";"Power from MAF";"11.723999999999998";"hp";
"23673.599932";"Velocidad del flujo del aire MAF";"9.77";"g/sec";
"23673.7549301";"Revoluciones del motor";"2340";"rpm";
"23673.7549301";"Revoluciones del motor x1000";"2.3";"rpm";
"23674.0839756";"Presión absoluta en el colector de admisión";"1.885490594091";"psi";
"23674.0839756";"Sobrealimentación calculada";"-11.74805677858482";"psi";
"23674.2486393";"Combustible usado";"0.11962646000568451";"L";
"23674.2486393";"Combustible usado (Hoy)";"0.11963";"L";
"23674.2486393";"Combustible usado (Semana)";"0.9838480000000001";"L";
"23674.2486393";"Combustible usado (total)";"2.7686149999999996";"L";
"23674.2486393";"Consumo instantáneo de combustible (l/h)";"1.0768800670953314";"L/h";
"23674.2486393";"Coste de combustible";"0.12082272460574135";"€";
"23674.2486393";"Coste de combustible (Hoy)";"0.1208263";"€";
"23674.2486393";"Coste de combustible (Semana)";"0.99368648";"€";
"23674.2486393";"Coste de combustible (total)";"2.79630115";"€";
"23674.2486393";"Potencia instantánea del motor (basada en el consumo de combustible)";"4.21296793918579";"hp";
"23674.2486393";"Power from MAF";"3.852";"hp";
"23674.2486393";"Velocidad del flujo del aire MAF";"3.21";"g/sec";
"23674.4093688";"Revoluciones del motor";"2300";"rpm";
"23674.4093688";"Revoluciones del motor x1000";"2.3";"rpm";
"23674.7351119";"Presión absoluta en el colector de admisión";"3.9160189261890004";"psi";
"23674.7351119";"Sobrealimentación calculada";"-9.71752844648374";"psi";
"23674.8636086";"Combustible usado";"0.12064467819056943";"L";
"23674.8636086";"Combustible usado (Hoy)";"0.120648";"L";
"23674.8636086";"Combustible usado (Semana)";"0.984866";"L";
"23674.8636086";"Combustible usado (total)";"2.769633";"L";
"23674.8636086";"Consumo instantáneo de combustible (l/h)";"5.9614201845121615";"L/h";
"23674.8636086";"Coste de combustible";"0.12185112497247512";"€";
"23674.8636086";"Coste de combustible (Hoy)";"0.12185448";"€";
"23674.8636086";"Coste de combustible (Semana)";"0.9947146600000001";"€";
"23674.8636086";"Coste de combustible (total)";"2.79732933";"€";
"23674.8636086";"Potencia instantánea del motor (basada en el consumo de combustible)";"23.322255538732556";"hp";
"23674.8636086";"Power from MAF";"21.323999999999998";"hp";
"23674.8636086";"Velocidad del flujo del aire MAF";"17.77";"g/sec";
"23675.0310861";"Revoluciones del motor";"2357";"rpm";
"23675.0310861";"Revoluciones del motor x1000";"2.4";"rpm";
"23675.3483649";"Presión absoluta en el colector de admisión";"6.526698210315001";"psi";
"23675.3483649";"Sobrealimentación calculada";"-7.10684916235378";"psi";
"23675.5164108";"Combustible usado";"0.12118301781036254";"L";
"23675.5164108";"Combustible usado (Hoy)";"0.121186";"L";
"23675.5164108";"Combustible usado (Semana)";"0.9854040000000001";"L";
"23675.5164108";"Combustible usado (total)";"2.7701709999999995";"L";
"23675.5164108";"Consumo instantáneo de combustible (l/h)";"2.9689684092815214";"L/h";
"23675.5164108";"Coste de combustible";"0.12239484798846617";"€";
"23675.5164108";"Coste de combustible (Hoy)";"0.12239786";"€";
"23675.5164108";"Coste de combustible (Semana)";"0.9952580400000001";"€";
"23675.5164108";"Coste de combustible (total)";"2.79787271";"€";
"23675.5164108";"Potencia instantánea del motor (basada en el consumo de combustible)";"11.615191981867367";"hp";
"23675.5164108";"Power from MAF";"10.62";"hp";
"23675.5164108";"Velocidad del flujo del aire MAF";"8.85";"g/sec";
"23675.6717606";"Revoluciones del motor";"2379";"rpm";
"23675.6717606";"Revoluciones del motor x1000";"2.4";"rpm";
"23675.97522";"Presión absoluta en el colector de admisión";"2.030528332098";"psi";
"23675.97522";"Sobrealimentación calculada";"-11.6030190405776";"psi";
"23676.1425627";"Combustible usado";"0.1219380499887243";"L";
"23676.1425627";"Combustible usado (Hoy)";"0.121941";"L";
"23676.1425627";"Combustible usado (Semana)";"0.986159";"L";
"23676.1425627";"Combustible usado (total)";"2.770926";"L";
"23676.1425627";"Consumo instantáneo de combustible (l/h)";"4.341067934022924";"L/h";
"23676.1425627";"Coste de combustible";"0.12315743048861155";"€";
"23676.1425627";"Coste de combustible (Hoy)";"0.12316041";"€";
"23676.1425627";"Coste de combustible (Semana)";"0.9960205900000001";"€";
"23676.1425627";"Coste de combustible (total)";"2.79863526";"€";
"23676.1425627";"Potencia instantánea del motor (basada en el consumo de combustible)";"16.983116863882902";"hp";
"23676.1425627";"Power from MAF";"15.527999999999999";"hp";
"23676.1425627";"Velocidad del flujo del aire MAF";"12.94";"g/sec";
"23676.300271";"Revoluciones del motor";"2438";"rpm";
"23676.300271";"Revoluciones del motor x1000";"2.4";"rpm";
"23676.5962474";"Presión absoluta en el colector de admisión";"7.832037852378001";"psi";
"23676.5962474";"Sobrealimentación calculada";"-5.8015095202888";"psi";
"23676.7544554";"Combustible usado";"0.12340482772202037";"L";
"23676.7544554";"Combustible usado (Hoy)";"0.123408";"L";
"23676.7544554";"Combustible usado (Semana)";"0.987626";"L";
"23676.7544554";"Combustible usado (total)";"2.7723929999999997";"L";
"23676.7544554";"Consumo instantáneo de combustible (l/h)";"8.62845960301929";"L/h";
"23676.7544554";"Coste de combustible";"0.12463887599924058";"€";
"23676.7544554";"Coste de combustible (Hoy)";"0.12464208";"€";
"23676.7544554";"Coste de combustible (Semana)";"0.9975022600000001";"€";
"23676.7544554";"Coste de combustible (total)";"2.80011693";"€";
"23676.7544554";"Potencia instantánea del motor (basada en el consumo de combustible)";"33.756241556342225";"hp";
"23676.7544554";"Power from MAF";"30.863999999999997";"hp";
"23676.7544554";"Velocidad del flujo del aire MAF";"25.72";"g/sec";
"23676.9120984";"Revoluciones del motor";"2595";"rpm";
"23676.9120984";"Revoluciones del motor x1000";"2.6";"rpm";
"23677.2263502";"Presión absoluta en el colector de admisión";"8.702264280420001";"psi";
"23677.2263502";"Sobrealimentación calculada";"-4.93128309224548";"psi";
"23677.3844422";"Combustible usado";"0.1253823173859846";"L";
"23677.3844422";"Combustible usado (Hoy)";"0.125385";"L";
"23677.3844422";"Combustible usado (Semana)";"0.989603";"L";
"23677.3844422";"Combustible usado (total)";"2.77437";"L";
"23677.3844422";"Consumo instantáneo de combustible (l/h)";"11.302208554654738";"L/h";
"23677.3844422";"Coste de combustible";"0.12663614055984446";"€";
"23677.3844422";"Coste de combustible (Hoy)";"0.12663885";"€";
"23677.3844422";"Coste de combustible (Semana)";"0.9994990300000001";"€";
"23677.3844422";"Coste de combustible (total)";"2.8021137";"€";
"23677.3844422";"Potencia instantánea del motor (basada en el consumo de combustible)";"44.216476595379845";"hp";
"23677.3844422";"Power from MAF";"40.428";"hp";
"23677.3844422";"Velocidad del flujo del aire MAF";"33.69";"g/sec";
"23677.5555067";"Revoluciones del motor";"2801";"rpm";
"23677.5555067";"Revoluciones del motor x1000";"2.8";"rpm";
"23677.8843793";"Presión absoluta en el colector de admisión";"8.992339756434001";"psi";
"23677.8843793";"Sobrealimentación calculada";"-4.64120761623104";"psi";
"23678.0389908";"Combustible usado";"0.12717137085630423";"L";
"23678.0389908";"Combustible usado (Hoy)";"0.127174";"L";
"23678.0389908";"Combustible usado (Semana)";"0.991392";"L";
"23678.0389908";"Combustible usado (total)";"2.776159";"L";
"23678.0389908";"Consumo instantáneo de combustible (l/h)";"9.83953033268102";"L/h";
"23678.0389908";"Coste de combustible";"0.12844308456486728";"€";
"23678.0389908";"Coste de combustible (Hoy)";"0.12844574";"€";
"23678.0389908";"Coste de combustible (Semana)";"1.00130592";"€";
"23678.0389908";"Coste de combustible (total)";"2.80392059";"€";
"23678.0389908";"Potencia instantánea del motor (basada en el consumo de combustible)";"38.494189924087";"hp";
"23678.0389908";"Power from MAF";"35.196";"hp";
"23678.0389908";"Velocidad del flujo del aire MAF";"29.330000000000002";"g/sec";
"23678.1955747";"Revoluciones del motor";"2988";"rpm";
"23678.1955747";"Revoluciones del motor x1000";"3";"rpm";
"23678.5078511";"Presión absoluta en el colector de admisión";"4.931283092238";"psi";
"23678.5078511";"Sobrealimentación calculada";"-8.7022642804332";"psi";
"23678.6635394";"Combustible usado";"0.12755722456136434";"L";
"23678.6635394";"Combustible usado (Hoy)";"0.12756";"L";
"23678.6635394";"Combustible usado (Semana)";"0.991778";"L";
"23678.6635394";"Combustible usado (total)";"2.7765449999999996";"L";
"23678.6635394";"Consumo instantáneo de combustible (l/h)";"2.2242102320380206";"L/h";
"23678.6635394";"Coste de combustible";"0.12883279680697798";"€";
"23678.6635394";"Coste de combustible (Hoy)";"0.1288356";"€";
"23678.6635394";"Coste de combustible (Semana)";"1.0016957800000001";"€";
"23678.6635394";"Coste de combustible (total)";"2.80431045";"€";
"23678.6635394";"Potencia instantánea del motor (basada en el consumo de combustible)";"8.701550603365042";"hp";
"23678.6635394";"Power from MAF";"7.9559999999999995";"hp";
"23678.6635394";"Velocidad del flujo del aire MAF";"6.63";"g/sec";
"23678.8317381";"Revoluciones del motor";"3033";"rpm";
"23678.8317381";"Revoluciones del motor x1000";"3";"rpm";
"23679.1592193";"Presión absoluta en el colector de admisión";"1.4503773800700002";"psi";
"23679.1592193";"Sobrealimentación calculada";"-12.18316999260648";"psi";
"23679.3270947";"Combustible usado";"0.12783240358755016";"L";
"23679.3270947";"Combustible usado (Hoy)";"0.127835";"L";
"23679.3270947";"Combustible usado (Semana)";"0.9920530000000001";"L";
"23679.3270947";"Combustible usado (total)";"2.77682";"L";
"23679.3270947";"Consumo instantáneo de combustible (l/h)";"1.4928711210511603";"L/h";
"23679.3270947";"Coste de combustible";"0.12911072762342565";"€";
"23679.3270947";"Coste de combustible (Hoy)";"0.12911335000000002";"€";
"23679.3270947";"Coste de combustible (Semana)";"1.0019735300000001";"€";
"23679.3270947";"Coste de combustible (total)";"2.8045882";"€";
"23679.3270947";"Potencia instantánea del motor (basada en el consumo de combustible)";"5.84040726771862";"hp";
"23679.3270947";"Power from MAF";"5.34";"hp";
"23679.3270947";"Velocidad del flujo del aire MAF";"4.45";"g/sec";
"23679.4948483";"Revoluciones del motor";"3010";"rpm";
"23679.4948483";"Revoluciones del motor x1000";"3";"rpm";
"23679.7964095";"Presión absoluta en el colector de admisión";"1.885490594091";"psi";
"23679.7964095";"Sobrealimentación calculada";"-11.74805677858482";"psi";
"23679.9636616";"Combustible usado";"0.12808272096300444";"L";
"23679.9636616";"Combustible usado (Hoy)";"0.128085";"L";
"23679.9636616";"Combustible usado (Semana)";"0.992303";"L";
"23679.9636616";"Combustible usado (total)";"2.7770699999999997";"L";
"23679.9636616";"Consumo instantáneo de combustible (l/h)";"1.4157114900754821";"L/h";
"23679.9636616";"Coste de combustible";"0.12936354817263448";"€";
"23679.9636616";"Coste de combustible (Hoy)";"0.12936585";"€";
"23679.9636616";"Coste de combustible (Semana)";"1.00222603";"€";
"23679.9636616";"Coste de combustible (total)";"2.8048407";"€";
"23679.9636616";"Potencia instantánea del motor (basada en el consumo de combustible)";"5.538543521297206";"hp";
"23679.9636616";"Power from MAF";"5.063999999999999";"hp";
"23679.9636616";"Velocidad del flujo del aire MAF";"4.22";"g/sec";
"23680.132164";"Revoluciones del motor";"2949";"rpm";
"23680.132164";"Revoluciones del motor x1000";"2.9";"rpm";
"23680.436655";"Presión absoluta en el colector de admisión";"1.885490594091";"psi";
"23680.436655";"Sobrealimentación calculada";"-11.74805677858482";"psi";
"23680.5783615";"Combustible usado";"0.12832503630211542";"L";
"23680.5783615";"Combustible usado (Hoy)";"0.128327";"L";
"23680.5783615";"Combustible usado (Semana)";"0.992545";"L";
"23680.5783615";"Combustible usado (total)";"2.777312";"L";
"23680.5783615";"Consumo instantáneo de combustible (l/h)";"1.4190662566396426";"L/h";
"23680.5783615";"Coste de combustible";"0.12960828666513657";"€";
"23680.5783615";"Coste de combustible (Hoy)";"0.12961027";"€";
"23680.5783615";"Coste de combustible (Semana)";"1.0024704500000001";"€";
"23680.5783615";"Coste de combustible (total)";"2.80508512";"€";
"23680.5783615";"Potencia instantánea del motor (basada en el consumo de combustible)";"5.551668032011183";"hp";
"23680.5783615";"Power from MAF";"5.0760000000000005";"hp";
"23680.5783615";"Velocidad del flujo del aire MAF";"4.23";"g/sec";
"23680.7348846";"Revoluciones del motor";"2898";"rpm";
"23680.7348846";"Revoluciones del motor x1000";"2.9";"rpm";
"23681.0114986";"Presión absoluta en el colector de admisión";"1.740452856084";"psi";
"23681.0114986";"Sobrealimentación calculada";"-11.89309451659204";"psi";
"23681.1671323";"Combustible usado";"0.12855274255968693";"L";
"23681.1671323";"Combustible usado (Hoy)";"0.128555";"L";
"23681.1671323";"Combustible usado (Semana)";"0.992773";"L";
"23681.1671323";"Combustible usado (total)";"2.7775399999999997";"L";
"23681.1671323";"Consumo instantáneo de combustible (l/h)";"1.3922281241263632";"L/h";
"23681.1671323";"Coste de combustible";"0.1298382699852838";"€";
"23681.1671323";"Coste de combustible (Hoy)";"0.12984055";"€";
"23681.1671323";"Coste de combustible (Semana)";"1.0027007300000002";"€";
"23681.1671323";"Coste de combustible (total)";"2.8053154";"€";
"23681.1671323";"Potencia instantánea del motor (basada en el consumo de combustible)";"5.446671946299387";"hp";
"23681.1671323";"Power from MAF";"4.98";"hp";
"23681.1671323";"Velocidad del flujo del aire MAF";"4.15";"g/sec";
"23681.3229042";"Revoluciones del motor";"2850";"rpm";
"23681.3229042";"Revoluciones del motor x1000";"2.8";"rpm";
"23681.6470239";"Presión absoluta en el colector de admisión";"1.885490594091";"psi";
"23681.6470239";"Sobrealimentación calculada";"-11.74805677858482";"psi";
"23681.8270153";"Combustible usado";"0.12880545842046412";"L";
"23681.8270153";"Combustible usado (Hoy)";"0.128808";"L";
"23681.8270153";"Combustible usado (Semana)";"0.9930260000000001";"L";
"23681.8270153";"Combustible usado (total)";"2.7777929999999995";"L";
"23681.8270153";"Consumo instantáneo de combustible (l/h)";"1.3788090578697234";"L/h";
"23681.8270153";"Coste de combustible";"0.13009351300466876";"€";
"23681.8270153";"Coste de combustible (Hoy)";"0.13009608";"€";
"23681.8270153";"Coste de combustible (Semana)";"1.0029562600000002";"€";
"23681.8270153";"Coste de combustible (total)";"2.80557093";"€";
"23681.8270153";"Potencia instantánea del motor (basada en el consumo de combustible)";"5.394173903443488";"hp";
"23681.8270153";"Power from MAF";"4.932";"hp";
"23681.8270153";"Velocidad del flujo del aire MAF";"4.11";"g/sec";
"23681.9834339";"Revoluciones del motor";"2738";"rpm";
"23681.9834339";"Revoluciones del motor x1000";"2.7";"rpm";
"23682.3031606";"Presión absoluta en el colector de admisión";"1.885490594091";"psi";
"23682.3031606";"Sobrealimentación calculada";"-11.74805677858482";"psi";
"23682.4433562";"Combustible usado";"0.12902655181902903";"L";
"23682.4433562";"Combustible usado (Hoy)";"0.129029";"L";
"23682.4433562";"Combustible usado (Semana)";"0.993247";"L";
"23682.4433562";"Combustible usado (total)";"2.7780139999999998";"L";
"23682.4433562";"Consumo instantáneo de combustible (l/h)";"1.2915851272015657";"L/h";
"23682.4433562";"Coste de combustible";"0.1303168173372193";"€";
"23682.4433562";"Coste de combustible (Hoy)";"0.13031929";"€";
"23682.4433562";"Coste de combustible (Semana)";"1.00317947";"€";
"23682.4433562";"Coste de combustible (total)";"2.80579414";"€";
"23682.4433562";"Potencia instantánea del motor (basada en el consumo de combustible)";"5.052936624880155";"hp";
"23682.4433562";"Power from MAF";"4.62";"hp";
"23682.4433562";"Velocidad del flujo del aire MAF";"3.85";"g/sec";
"23682.6032012";"Revoluciones del motor";"2552";"rpm";
"23682.6032012";"Revoluciones del motor x1000";"2.6";"rpm";
"23682.9042399";"Presión absoluta en el colector de admisión";"1.885490594091";"psi";
"23682.9042399";"Sobrealimentación calculada";"-11.74805677858482";"psi";
"23683.0725788";"Combustible usado";"0.12923239413521578";"L";
"23683.0725788";"Combustible usado (Hoy)";"0.129235";"L";
"23683.0725788";"Combustible usado (Semana)";"0.993453";"L";
"23683.0725788";"Combustible usado (total)";"2.7782199999999997";"L";
"23683.0725788";"Consumo instantáneo de combustible (l/h)";"1.1775230640201289";"L/h";
"23683.0725788";"Coste de combustible";"0.13052471807656793";"€";
"23683.0725788";"Coste de combustible (Hoy)";"0.13052735";"€";
"23683.0725788";"Coste de combustible (Semana)";"1.0033875300000001";"€";
"23683.0725788";"Coste de combustible (total)";"2.8060022";"€";
"23683.0725788";"Potencia instantánea del motor (basada en el consumo de combustible)";"4.606703260605024";"hp";
"23683.0725788";"Power from MAF";"4.212";"hp";
"23683.0725788";"Velocidad del flujo del aire MAF";"3.5100000000000002";"g/sec";
"23683.2280219";"Revoluciones del motor";"2380";"rpm";
"23683.2280219";"Revoluciones del motor x1000";"2.4";"rpm";
"23683.5318889";"Presión absoluta en el colector de admisión";"2.030528332098";"psi";
"23683.5318889";"Sobrealimentación calculada";"-11.6030190405776";"psi";
"23683.7039836";"Combustible usado";"0.12942891567654463";"L";
"23683.7039836";"Combustible usado (Hoy)";"0.129432";"L";
"23683.7039836";"Combustible usado (Semana)";"0.99365";"L";
"23683.7039836";"Combustible usado (total)";"2.7784169999999997";"L";
"23683.7039836";"Consumo instantáneo de combustible (l/h)";"1.12049203242941";"L/h";
"23683.7039836";"Coste de combustible";"0.13072320483331007";"€";
"23683.7039836";"Coste de combustible (Hoy)";"0.13072631999999998";"€";
"23683.7039836";"Coste de combustible (Semana)";"1.0035865000000002";"€";
"23683.7039836";"Coste de combustible (total)";"2.80620117";"€";
"23683.7039836";"Potencia instantánea del motor (basada en el consumo de combustible)";"4.383586578467456";"hp";
"23683.7039836";"Power from MAF";"4.008";"hp";
"23683.7039836";"Velocidad del flujo del aire MAF";"3.34";"g/sec";
"23683.8726074";"Revoluciones del motor";"2243";"rpm";
"23683.8726074";"Revoluciones del motor x1000";"2.2";"rpm";
"23684.1951584";"Presión absoluta en el colector de admisión";"1.885490594091";"psi";
"23684.1951584";"Sobrealimentación calculada";"-11.74805677858482";"psi";
"23684.3385659";"Combustible usado";"0.12961105107902343";"L";
"23684.3385659";"Combustible usado (Hoy)";"0.129614";"L";
"23684.3385659";"Combustible usado (Semana)";"0.993832";"L";
"23684.3385659";"Combustible usado (total)";"2.778599";"L";
"23684.3385659";"Consumo instantáneo de combustible (l/h)";"1.0332681017612526";"L/h";
"23684.3385659";"Coste de combustible";"0.13090716158981366";"€";
"23684.3385659";"Coste de combustible (Hoy)";"0.13091014";"€";
"23684.3385659";"Coste de combustible (Semana)";"1.00377032";"€";
"23684.3385659";"Coste de combustible (total)";"2.80638499";"€";
"23684.3385659";"Potencia instantánea del motor (basada en el consumo de combustible)";"4.0423492999041235";"hp";
"23684.3385659";"Power from MAF";"3.6959999999999997";"hp";
"23684.3385659";"Velocidad del flujo del aire MAF";"3.08";"g/sec";
"23684.4997799";"Revoluciones del motor";"2164";"rpm";
"23684.4997799";"Revoluciones del motor x1000";"2.2";"rpm";
"23684.8142668";"Presión absoluta en el colector de admisión";"1.885490594091";"psi";
"23684.8142668";"Sobrealimentación calculada";"-11.74805677858482";"psi";
"23684.9683551";"Combustible usado";"0.12979178218404627";"L";
"23684.9683551";"Combustible usado (Hoy)";"0.129795";"L";
"23684.9683551";"Combustible usado (Semana)";"0.994013";"L";
"23684.9683551";"Combustible usado (total)";"2.77878";"L";
"23684.9683551";"Consumo instantáneo de combustible (l/h)";"1.0332681017612526";"L/h";
"23684.9683551";"Coste de combustible";"0.13108970000588674";"€";
"23684.9683551";"Coste de combustible (Hoy)";"0.13109294999999999";"€";
"23684.9683551";"Coste de combustible (Semana)";"1.0039531300000002";"€";
"23684.9683551";"Coste de combustible (total)";"2.8065678";"€";
"23684.9683551";"Potencia instantánea del motor (basada en el consumo de combustible)";"4.0423492999041235";"hp";
"23684.9683551";"Power from MAF";"3.6959999999999997";"hp";
"23684.9683551";"Velocidad del flujo del aire MAF";"3.08";"g/sec";
"23685.1240261";"Revoluciones del motor";"2137";"rpm";
"23685.1240261";"Revoluciones del motor x1000";"2.1";"rpm";
"23685.4388633";"Presión absoluta en el colector de admisión";"1.885490594091";"psi";
"23685.4388633";"Sobrealimentación calculada";"-11.74805677858482";"psi";
"23685.5943905";"Combustible usado";"0.1299679957084149";"L";
"23685.5943905";"Combustible usado (Hoy)";"0.129971";"L";
"23685.5943905";"Combustible usado (Semana)";"0.994189";"L";
"23685.5943905";"Combustible usado (total)";"2.7789559999999995";"L";
"23685.5943905";"Consumo instantáneo de combustible (l/h)";"1.013139502376293";"L/h";
"23685.5943905";"Coste de combustible";"0.13126767566549907";"€";
"23685.5943905";"Coste de combustible (Hoy)";"0.13127071";"€";
"23685.5943905";"Coste de combustible (Semana)";"1.00413089";"€";
"23685.5943905";"Coste de combustible (total)";"2.80674556";"€";
"23685.5943905";"Potencia instantánea del motor (basada en el consumo de combustible)";"3.963602235620276";"hp";
"23685.5943905";"Power from MAF";"3.6239999999999997";"hp";
"23685.5943905";"Velocidad del flujo del aire MAF";"3.02";"g/sec";
"23685.7351535";"Revoluciones del motor";"2117";"rpm";
"23685.7351535";"Revoluciones del motor x1000";"2.1";"rpm";
"23686.0350036";"Presión absoluta en el colector de admisión";"1.885490594091";"psi";
"23686.0350036";"Sobrealimentación calculada";"-11.74805677858482";"psi";
"23686.2084782";"Combustible usado";"0.13013852707622778";"L";
"23686.2084782";"Combustible usado (Hoy)";"0.130142";"L";
"23686.2084782";"Combustible usado (Semana)";"0.99436";"L";
"23686.2084782";"Combustible usado (total)";"2.779127";"L";
"23686.2084782";"Consumo instantáneo de combustible (l/h)";"0.9997204361196533";"L/h";
"23686.2084782";"Coste de combustible";"0.13143991234699007";"€";
"23686.2084782";"Coste de combustible (Hoy)";"0.13144342";"€";
"23686.2084782";"Coste de combustible (Semana)";"1.0043036";"€";
"23686.2084782";"Coste de combustible (total)";"2.80691827";"€";
"23686.2084782";"Potencia instantánea del motor (basada en el consumo de combustible)";"3.9111041927643773";"hp";
"23686.2084782";"Power from MAF";"3.576";"hp";
"23686.2084782";"Velocidad del flujo del aire MAF";"2.98";"g/sec";
"23686.3639283";"Revoluciones del motor";"2100";"rpm";
"23686.3639283";"Revoluciones del motor x1000";"2.1";"rpm";
"23686.6799789";"Presión absoluta en el colector de admisión";"1.740452856084";"psi";
"23686.6799789";"Sobrealimentación calculada";"-11.89309451659204";"psi";
"23686.8475304";"Combustible usado";"0.13031420412589695";"L";
"23686.8475304";"Combustible usado (Hoy)";"0.130318";"L";
"23686.8475304";"Combustible usado (Semana)";"0.9945360000000001";"L";
"23686.8475304";"Combustible usado (total)";"2.7793029999999996";"L";
"23686.8475304";"Consumo instantáneo de combustible (l/h)";"0.9896561364271738";"L/h";
"23686.8475304";"Coste de combustible";"0.13161734616715592";"€";
"23686.8475304";"Coste de combustible (Hoy)";"0.13162118";"€";
"23686.8475304";"Coste de combustible (Semana)";"1.0044813600000002";"€";
"23686.8475304";"Coste de combustible (total)";"2.8070960300000003";"€";
"23686.8475304";"Potencia instantánea del motor (basada en el consumo de combustible)";"3.871730660622456";"hp";
"23686.8475304";"Power from MAF";"3.54";"hp";
"23686.8475304";"Velocidad del flujo del aire MAF";"2.95";"g/sec";
"23687.0154218";"Revoluciones del motor";"2090";"rpm";
"23687.0154218";"Revoluciones del motor x1000";"2.1";"rpm";
"23687.3078224";"Presión absoluta en el colector de admisión";"1.740452856084";"psi";
"23687.3078224";"Sobrealimentación calculada";"-11.89309451659204";"psi";
"23687.4701439";"Combustible usado";"0.13048533433789955";"L";
"23687.4701439";"Combustible usado (Hoy)";"0.130489";"L";
"23687.4701439";"Combustible usado (Semana)";"0.994707";"L";
"23687.4701439";"Combustible usado (total)";"2.7794739999999996";"L";
"23687.4701439";"Consumo instantáneo de combustible (l/h)";"0.9896561364271738";"L/h";
"23687.4701439";"Coste de combustible";"0.13179018768127854";"€";
"23687.4701439";"Coste de combustible (Hoy)";"0.13179389";"€";
"23687.4701439";"Coste de combustible (Semana)";"1.0046540700000002";"€";
"23687.4701439";"Coste de combustible (total)";"2.80726874";"€";
"23687.4701439";"Potencia instantánea del motor (basada en el consumo de combustible)";"3.871730660622456";"hp";
"23687.4701439";"Power from MAF";"3.54";"hp";
"23687.4701439";"Velocidad del flujo del aire MAF";"2.95";"g/sec";
"23687.6239043";"Revoluciones del motor";"2078";"rpm";
"23687.6239043";"Revoluciones del motor x1000";"2.1";"rpm";
"23687.9154043";"Presión absoluta en el colector de admisión";"1.5954151180770002";"psi";
"23687.9154043";"Sobrealimentación calculada";"-12.03813225459926";"psi";
"23688.0708631";"Combustible usado";"0.13067906273972604";"L";
"23688.0708631";"Combustible usado (Hoy)";"0.130683";"L";
"23688.0708631";"Combustible usado (Semana)";"0.994901";"L";
"23688.0708631";"Combustible usado (total)";"2.7796679999999996";"L";
"23688.0708631";"Consumo instantáneo de combustible (l/h)";"1.160749231199329";"L/h";
"23688.0708631";"Coste de combustible";"0.13198585336712332";"€";
"23688.0708631";"Coste de combustible (Hoy)";"0.13198983";"€";
"23688.0708631";"Coste de combustible (Semana)";"1.0048500100000002";"€";
"23688.0708631";"Coste de combustible (total)";"2.8074646800000003";"€";
"23688.0708631";"Potencia instantánea del motor (basada en el consumo de combustible)";"4.54108070703515";"hp";
"23688.0708631";"Power from MAF";"4.152";"hp";
"23688.0708631";"Velocidad del flujo del aire MAF";"3.46";"g/sec";
"23688.2278305";"Revoluciones del motor";"2104";"rpm";
"23688.2278305";"Revoluciones del motor x1000";"2.1";"rpm";
"23688.5553713";"Presión absoluta en el colector de admisión";"1.885490594091";"psi";
"23688.5553713";"Sobrealimentación calculada";"-11.74805677858482";"psi";
"23688.7233572";"Combustible usado";"0.13092831465753427";"L";
"23688.7233572";"Combustible usado (Hoy)";"0.130932";"L";
"23688.7233572";"Combustible usado (Semana)";"0.99515";"L";
"23688.7233572";"Combustible usado (total)";"2.7799169999999997";"L";
"23688.7233572";"Consumo instantáneo de combustible (l/h)";"1.3754542913055634";"L/h";
"23688.7233572";"Coste de combustible";"0.13223759780410962";"€";
"23688.7233572";"Coste de combustible (Hoy)";"0.13224132";"€";
"23688.7233572";"Coste de combustible (Semana)";"1.0051015";"€";
"23688.7233572";"Coste de combustible (total)";"2.80771617";"€";
"23688.7233572";"Potencia instantánea del motor (basada en el consumo de combustible)";"5.381049392729513";"hp";
"23688.7233572";"Power from MAF";"4.919999999999999";"hp";
"23688.7233572";"Velocidad del flujo del aire MAF";"4.1";"g/sec";
"23688.8799902";"Revoluciones del motor";"2157";"rpm";
"23688.8799902";"Revoluciones del motor x1000";"2.2";"rpm";
"23689.2030523";"Presión absoluta en el colector de admisión";"2.030528332098";"psi";
"23689.2030523";"Sobrealimentación calculada";"-11.6030190405776";"psi";
"23689.387692";"Combustible usado";"0.1311400723824434";"L";
"23689.387692";"Combustible usado (Hoy)";"0.131144";"L";
"23689.387692";"Combustible usado (Semana)";"0.9953620000000001";"L";
"23689.387692";"Combustible usado (total)";"2.7801289999999996";"L";
"23689.387692";"Consumo instantáneo de combustible (l/h)";"1.1473301649426895";"L/h";
"23689.387692";"Coste de combustible";"0.13245147310626784";"€";
"23689.387692";"Coste de combustible (Hoy)";"0.13245544";"€";
"23689.387692";"Coste de combustible (Semana)";"1.0053156200000002";"€";
"23689.387692";"Coste de combustible (total)";"2.8079302900000003";"€";
"23689.387692";"Potencia instantánea del motor (basada en el consumo de combustible)";"4.488582664179254";"hp";
"23689.387692";"Power from MAF";"4.104";"hp";
"23689.387692";"Velocidad del flujo del aire MAF";"3.42";"g/sec";
"23689.555259";"Revoluciones del motor";"2157";"rpm";
"23689.555259";"Revoluciones del motor x1000";"2.2";"rpm";
"23689.9397083";"Presión absoluta en el colector de admisión";"2.030528332098";"psi";
"23689.9397083";"Sobrealimentación calculada";"-11.6030190405776";"psi";
"23690.1075532";"Combustible usado";"0.13136878833715407";"L";
"23690.1075532";"Combustible usado (Hoy)";"0.131373";"L";
"23690.1075532";"Combustible usado (Semana)";"0.995591";"L";
"23690.1075532";"Combustible usado (total)";"2.7803579999999997";"L";
"23690.1075532";"Consumo instantáneo de combustible (l/h)";"1.1439753983785297";"L/h";
"23690.1075532";"Coste de combustible";"0.13268247622052562";"€";
"23690.1075532";"Coste de combustible (Hoy)";"0.13268673";"€";
"23690.1075532";"Coste de combustible (Semana)";"1.00554691";"€";
"23690.1075532";"Coste de combustible (total)";"2.80816158";"€";
"23690.1075532";"Potencia instantánea del motor (basada en el consumo de combustible)";"4.475458153465279";"hp";
"23690.1075532";"Power from MAF";"4.092";"hp";
"23690.1075532";"Velocidad del flujo del aire MAF";"3.41";"g/sec";
"23690.2633649";"Revoluciones del motor";"2183";"rpm";
"23690.2633649";"Revoluciones del motor x1000";"2.2";"rpm";
"23690.5478656";"Presión absoluta en el colector de admisión";"1.885490594091";"psi";
"23690.5478656";"Sobrealimentación calculada";"-11.74805677858482";"psi";
"23690.6912369";"Combustible usado";"0.13153903764458114";"L";
"23690.6912369";"Combustible usado (Hoy)";"0.131543";"L";
"23690.6912369";"Combustible usado (Semana)";"0.995761";"L";
"23690.6912369";"Combustible usado (total)";"2.780528";"L";
"23690.6912369";"Consumo instantáneo de combustible (l/h)";"1.0500419345820522";"L/h";
"23690.6912369";"Coste de combustible";"0.13285442802102695";"€";
"23690.6912369";"Coste de combustible (Hoy)";"0.13285843";"€";
"23690.6912369";"Coste de combustible (Semana)";"1.0057186100000002";"€";
"23690.6912369";"Coste de combustible (total)";"2.8083332800000003";"€";
"23690.6912369";"Potencia instantánea del motor (basada en el consumo de combustible)";"4.107971853473995";"hp";
"23690.6912369";"Power from MAF";"3.756";"hp";
"23690.6912369";"Velocidad del flujo del aire MAF";"3.13";"g/sec";
"23690.8478722";"Revoluciones del motor";"2188";"rpm";
"23690.8478722";"Revoluciones del motor x1000";"2.2";"rpm";
"23691.1797027";"Presión absoluta en el colector de admisión";"1.885490594091";"psi";
"23691.1797027";"Sobrealimentación calculada";"-11.74805677858482";"psi";
"23691.3197396";"Combustible usado";"0.1317136087160563";"L";
"23691.3197396";"Combustible usado (Hoy)";"0.131718";"L";
"23691.3197396";"Combustible usado (Semana)";"0.995936";"L";
"23691.3197396";"Combustible usado (total)";"2.780703";"L";
"23691.3197396";"Consumo instantáneo de combustible (l/h)";"0.9997204361196533";"L/h";
"23691.3197396";"Coste de combustible";"0.13303074480321686";"€";
"23691.3197396";"Coste de combustible (Hoy)";"0.13303518";"€";
"23691.3197396";"Coste de combustible (Semana)";"1.00589536";"€";
"23691.3197396";"Coste de combustible (total)";"2.80851003";"€";
"23691.3197396";"Potencia instantánea del motor (basada en el consumo de combustible)";"3.9111041927643773";"hp";
"23691.3197396";"Power from MAF";"3.576";"hp";
"23691.3197396";"Velocidad del flujo del aire MAF";"2.98";"g/sec";
"23691.4920356";"Revoluciones del motor";"2115";"rpm";
"23691.4920356";"Revoluciones del motor x1000";"2.1";"rpm";
"23691.8160083";"Presión absoluta en el colector de admisión";"1.740452856084";"psi";
"23691.8160083";"Sobrealimentación calculada";"-11.89309451659204";"psi";
"23691.9830864";"Combustible usado";"0.1318934513260647";"L";
"23691.9830864";"Combustible usado (Hoy)";"0.131898";"L";
"23691.9830864";"Combustible usado (Semana)";"0.996116";"L";
"23691.9830864";"Combustible usado (total)";"2.7808829999999998";"L";
"23691.9830864";"Consumo instantáneo de combustible (l/h)";"0.9762370701705342";"L/h";
"23691.9830864";"Coste de combustible";"0.13321238583932535";"€";
"23691.9830864";"Coste de combustible (Hoy)";"0.13321697999999998";"€";
"23691.9830864";"Coste de combustible (Semana)";"1.00607716";"€";
"23691.9830864";"Coste de combustible (total)";"2.80869183";"€";
"23691.9830864";"Potencia instantánea del motor (basada en el consumo de combustible)";"3.8192326177665574";"hp";
"23691.9830864";"Power from MAF";"3.492";"hp";
"23691.9830864";"Velocidad del flujo del aire MAF";"2.91";"g/sec";
"23692.1358276";"Revoluciones del motor";"2045";"rpm";
"23692.1358276";"Revoluciones del motor x1000";"2";"rpm";
"23692.4146022";"Presión absoluta en el colector de admisión";"1.885490594091";"psi";
"23692.4146022";"Sobrealimentación calculada";"-11.74805677858482";"psi";
"23692.5830572";"Combustible usado";"0.13204888117528657";"L";
"23692.5830572";"Combustible usado (Hoy)";"0.132053";"L";
"23692.5830572";"Combustible usado (Semana)";"0.996271";"L";
"23692.5830572";"Combustible usado (total)";"2.7810379999999997";"L";
"23692.5830572";"Consumo instantáneo de combustible (l/h)";"0.9326251048364552";"L/h";
"23692.5830572";"Coste de combustible";"0.13336936998703944";"€";
"23692.5830572";"Coste de combustible (Hoy)";"0.13337353000000002";"€";
"23692.5830572";"Coste de combustible (Semana)";"1.00623371";"€";
"23692.5830572";"Coste de combustible (total)";"2.80884838";"€";
"23692.5830572";"Potencia instantánea del motor (basada en el consumo de combustible)";"3.64861397848489";"hp";
"23692.5830572";"Power from MAF";"3.3360000000000003";"hp";
"23692.5830572";"Velocidad del flujo del aire MAF";"2.7800000000000002";"g/sec";
"23692.7158064";"Revoluciones del motor";"2008";"rpm";
"23692.7158064";"Revoluciones del motor x1000";"2";"rpm";
"23693.0561683";"Presión absoluta en el colector de admisión";"1.885490594091";"psi";
"23693.0561683";"Sobrealimentación calculada";"-11.74805677858482";"psi";
"23693.2184809";"Combustible usado";"0.13221293881996088";"L";
"23693.2184809";"Combustible usado (Hoy)";"0.132217";"L";
"23693.2184809";"Combustible usado (Semana)";"0.9964350000000001";"L";
"23693.2184809";"Combustible usado (total)";"2.7812019999999995";"L";
"23693.2184809";"Consumo instantáneo de combustible (l/h)";"0.9292703382722953";"L/h";
"23693.2184809";"Coste de combustible";"0.1335350682081605";"€";
"23693.2184809";"Coste de combustible (Hoy)";"0.13353917";"€";
"23693.2184809";"Coste de combustible (Semana)";"1.0063993500000001";"€";
"23693.2184809";"Coste de combustible (total)";"2.8090140200000002";"€";
"23693.2184809";"Potencia instantánea del motor (basada en el consumo de combustible)";"3.6354894677709155";"hp";
"23693.2184809";"Power from MAF";"3.324";"hp";
"23693.2184809";"Velocidad del flujo del aire MAF";"2.77";"g/sec";
"23693.3745596";"Revoluciones del motor";"1986";"rpm";
"23693.3745596";"Revoluciones del motor x1000";"2";"rpm";
"23693.6917172";"Presión absoluta en el colector de admisión";"1.885490594091";"psi";
"23693.6917172";"Sobrealimentación calculada";"-11.74805677858482";"psi";
"23693.8482772";"Combustible usado";"0.13236905013242012";"L";
"23693.8482772";"Combustible usado (Hoy)";"0.132373";"L";
"23693.8482772";"Combustible usado (Semana)";"0.996591";"L";
"23693.8482772";"Combustible usado (total)";"2.7813579999999996";"L";
"23693.8482772";"Consumo instantáneo de combustible (l/h)";"0.8923679060665363";"L/h";
"23693.8482772";"Coste de combustible";"0.1336927406337443";"€";
"23693.8482772";"Coste de combustible (Hoy)";"0.13369672999999999";"€";
"23693.8482772";"Coste de combustible (Semana)";"1.00655691";"€";
"23693.8482772";"Coste de combustible (total)";"2.80917158";"€";
"23693.8482772";"Potencia instantánea del motor (basada en el consumo de combustible)";"3.4911198499171965";"hp";
"23693.8482772";"Power from MAF";"3.192";"hp";
"23693.8482772";"Velocidad del flujo del aire MAF";"2.66";"g/sec";
"23694.0155123";"Revoluciones del motor";"1926";"rpm";
"23694.0155123";"Revoluciones del motor x1000";"1.9";"rpm";
"23694.3069053";"Presión absoluta en el colector de admisión";"1.885490594091";"psi";
"23694.3069053";"Sobrealimentación calculada";"-11.74805677858482";"psi";
"23694.4641261";"Combustible usado";"0.1325059352857143";"L";
"23694.4641261";"Combustible usado (Hoy)";"0.13251";"L";
"23694.4641261";"Combustible usado (Semana)";"0.9967280000000001";"L";
"23694.4641261";"Combustible usado (total)";"2.7814949999999996";"L";
"23694.4641261";"Consumo instantáneo de combustible (l/h)";"0.7984344422700588";"L/h";
"23694.4641261";"Coste de combustible";"0.13383099463857145";"€";
"23694.4641261";"Coste de combustible (Hoy)";"0.13383509999999998";"€";
"23694.4641261";"Coste de combustible (Semana)";"1.0066952800000002";"€";
"23694.4641261";"Coste de combustible (total)";"2.8093099500000003";"€";
"23694.4641261";"Potencia instantánea del motor (basada en el consumo de combustible)";"3.123633549925913";"hp";
"23694.4641261";"Power from MAF";"2.856";"hp";
"23694.4641261";"Velocidad del flujo del aire MAF";"2.38";"g/sec";
"23694.6313862";"Revoluciones del motor";"1685";"rpm";
"23694.6313862";"Revoluciones del motor x1000";"1.7";"rpm";
"23694.9479264";"Presión absoluta en el colector de admisión";"1.740452856084";"psi";
"23694.9479264";"Sobrealimentación calculada";"-11.89309451659204";"psi";
"23695.1040945";"Combustible usado";"0.1326106747701985";"L";
"23695.1040945";"Combustible usado (Hoy)";"0.132615";"L";
"23695.1040945";"Combustible usado (Semana)";"0.9968330000000001";"L";
"23695.1040945";"Combustible usado (total)";"2.7815999999999996";"L";
"23695.1040945";"Consumo instantáneo de combustible (l/h)";"0.5904389152921443";"L/h";
"23695.1040945";"Coste de combustible";"0.13393678151790048";"€";
"23695.1040945";"Coste de combustible (Hoy)";"0.13394115";"€";
"23695.1040945";"Coste de combustible (Semana)";"1.00680133";"€";
"23695.1040945";"Coste de combustible (total)";"2.809416";"€";
"23695.1040945";"Potencia instantánea del motor (basada en el consumo de combustible)";"2.309913885659499";"hp";
"23695.1040945";"Power from MAF";"2.112";"hp";
"23695.1040945";"Velocidad del flujo del aire MAF";"1.76";"g/sec";
"23695.2724136";"Revoluciones del motor";"1248";"rpm";
"23695.2724136";"Revoluciones del motor x1000";"1.2";"rpm";
"23695.5862464";"Presión absoluta en el colector de admisión";"1.740452856084";"psi";
"23695.5862464";"Sobrealimentación calculada";"-11.89309451659204";"psi";
"23695.7385479";"Combustible usado";"0.1326946318368279";"L";
"23695.7385479";"Combustible usado (Hoy)";"0.132699";"L";
"23695.7385479";"Combustible usado (Semana)";"0.996917";"L";
"23695.7385479";"Combustible usado (total)";"2.781684";"L";
"23695.7385479";"Consumo instantáneo de combustible (l/h)";"0.4763768521107073";"L/h";
"23695.7385479";"Coste de combustible";"0.13402157815519616";"€";
"23695.7385479";"Coste de combustible (Hoy)";"0.13402599";"€";
"23695.7385479";"Coste de combustible (Semana)";"1.00688617";"€";
"23695.7385479";"Coste de combustible (total)";"2.80950084";"€";
"23695.7385479";"Potencia instantánea del motor (basada en el consumo de combustible)";"1.8636805213843683";"hp";
"23695.7385479";"Power from MAF";"1.704";"hp";
"23695.7385479";"Velocidad del flujo del aire MAF";"1.42";"g/sec";
"23695.8952455";"Revoluciones del motor";"943";"rpm";
"23695.8952455";"Revoluciones del motor x1000";"0.9";"rpm";
"23696.1989733";"Presión absoluta en el colector de admisión";"2.320603808112";"psi";
"23696.1989733";"Sobrealimentación calculada";"-11.31294356456316";"psi";
"23696.3639587";"Coste de combustible (Hoy)";"0.13412699";"€";
"23696.3639587";"Coste de combustible (total)";"2.80960184";"€";
